review_id,text,true_aspects,predicted_aspects,missing_aspects,extra_aspects,true_aspect_sentiments,predicted_aspect_sentiments,sentiment_errors,confidence
8612,التطبيق جميل .. أتمنى إضافة البحث عن طريق الخريطة وتكون جميع العروض ظاهرة بالخريطة مثل موقع بوكينق .. وشكرا,"[""app_experience""]","[""app_experience""]",[],[],"{""app_experience"": ""neutral""}","{""app_experience"": ""positive""}","{""app_experience"": {""true"": ""neutral"", ""predicted"": ""positive""}}",0.592313
6729,سراقين مكتوب وصلت السياره والسواق مارضى يقول وين ولمى الرحله من عنده وحطو لي 10 ريال ادفعها حسبي الله ونعم الوكيل فيه,"[""service"", ""delivery"", ""price""]","[""service"", ""price""]","[""delivery""]",[],"{""service"": ""negative"", ""delivery"": ""negative"", ""price"": ""negative""}","{""service"": ""negative"", ""price"": ""negative""}",{},0.600976
6292,سي جيدا,"[""general""]","[""general""]",[],[],"{""general"": ""negative""}","{""general"": ""positive""}","{""general"": {""true"": ""negative"", ""predicted"": ""positive""}}",0.813155
7814,نصيحه متشتريش منتج وتكون دافع مسبقا بفيزا هيحصل حاجه من الاتنين المندوب هيعمل انه سلمها او التاجر هيلغب لو السعر اتغير وفي الحالتين الفلوس هترجعلك بعد خمس ايام,"[""delivery"", ""service"", ""app_experience"", ""price""]","[""price""]","[""app_experience"", ""delivery"", ""service""]",[],"{""delivery"": ""negative"", ""service"": ""negative"", ""app_experience"": ""negative"", ""price"": ""negative""}","{""price"": ""negative""}",{},0.817771
7619,تم اضافة مصاريف شحن على طلب إكسبريس,"[""delivery"", ""price""]","[""app_experience""]","[""delivery"", ""price""]","[""app_experience""]","{""delivery"": ""negative"", ""price"": ""negative""}","{""app_experience"": ""negative""}",{},0.736589
10016,التطبيق غير موثوق بالمرة تعرضت فيه لعملية نصب و دفعت ثمن حجز ٤ ايام و الغرفة اللي استلمتها غير مطابقة للصور ابدا الغرفة كانت غير صالحة للسكن البشري شي بيشبه الزريبة و لا يوجود طريقة لالغاء الحجز مع استرداد كامل المبلغ و لما تواصلت مع التطبيق بعد اسبوعين اخد و رد بالاخير بيبعتولي ايميل بقولو فيه اذا صاحب الغرفة ما وافق على ارجاع المبلغ ما منقدر نرجعلك شي يعني حقك غير محفوظ اذا صاحب الغرفة كان نصاب,"[""app_experience"", ""service"", ""cleanliness"", ""price""]","[""app_experience"", ""service"", ""price""]","[""cleanliness""]",[],"{""app_experience"": ""negative"", ""service"": ""negative"", ""cleanliness"": ""negative"", ""price"": ""negative""}","{""app_experience"": ""negative"", ""service"": ""negative"", ""price"": ""negative""}",{},0.596898
3871,"برجاء الإشراف والمتابعة لجميع مستشفيات الحكوميه من المسؤولين.
الوقايه خير من العلاج لو يوجد وقايه ولا علاج","[""service""]","[""none""]","[""service""]","[""none""]","{""service"": ""negative""}","{""none"": ""neutral""}",{},0.05
6255,ابلكيشن كداب لما اطلب أوردر و يتلغى كذا مره مره عشان الفيزا و مرا عشان المطعم مش بيوصل و بعد كده يشيلوا المطعم خالص,"[""app_experience"", ""delivery"", ""service""]","[""app_experience"", ""delivery""]","[""service""]",[],"{""app_experience"": ""negative"", ""delivery"": ""negative"", ""service"": ""negative""}","{""app_experience"": ""negative"", ""delivery"": ""negative""}",{},0.501108
9442,هو تطبيق ممتاز بس لحد دلوقتي محجزتش من عليه بس هل دا ثقه ومعتمد,"[""app_experience""]","[""app_experience""]",[],[],"{""app_experience"": ""neutral""}","{""app_experience"": ""positive""}","{""app_experience"": {""true"": ""neutral"", ""predicted"": ""positive""}}",0.344999
5812,خدمة سيئة عملوا احتفال راس السنة 2026 الفرد ب1000 جنيه شامل وجبه العشاء اخذوا الفلوس وجلسنا ننتظر الوجبه ساعة ونص ولا احد عبرنا اقسم بالله تجربة سيئة ماتتكرر,"[""service"", ""food"", ""price""]","[""service"", ""price""]","[""food""]",[],"{""service"": ""negative"", ""food"": ""negative"", ""price"": ""negative""}","{""service"": ""negative"", ""price"": ""negative""}",{},0.586835
329,هعتبر ان المره دي متحسبتش علشان رمضان وهجرب بعد رمضان,"[""general""]","[""none""]","[""general""]","[""none""]","{""general"": ""neutral""}","{""none"": ""neutral""}",{},0.050039
5126,الاسعار فوق المتوسطه بس الاجواء جميله والخدمة ممتازه,"[""price"", ""ambiance"", ""service""]","[""service"", ""ambiance"", ""food""]","[""price""]","[""food""]","{""price"": ""negative"", ""ambiance"": ""positive"", ""service"": ""positive""}","{""service"": ""positive"", ""ambiance"": ""positive"", ""food"": ""positive""}",{},0.565467
5365,المفروض يستغنى عن الملاعق الحديد بااعواد من خشب أفضل مثل الكافهات الكبيره لان رمسيس هيلتون من أفضل الفنادق وسط البلد المطله على النيل,"[""service"", ""ambiance""]","[""none""]","[""ambiance"", ""service""]","[""none""]","{""service"": ""negative"", ""ambiance"": ""positive""}","{""none"": ""neutral""}",{},0.05
9643,الأسعار تتغير داخل التطبيق,"[""price"", ""app_experience""]","[""app_experience""]","[""price""]",[],"{""price"": ""negative"", ""app_experience"": ""negative""}","{""app_experience"": ""negative""}",{},0.473781
5390,"العيادة ممتازة جدا. ومتعاونين بالمواعيد وشغلهم حلووو. سويت عندهم تلبسات وتنظيف وعجبني شغلهم وان شاءالله الزيارة القادمة نبدا شغل الزراعة. شكرا للمدير مصطفى شخص خلوق ومحترم ومتساعد جدا. شكرا للدكتور محمد وشكرا للدكتور يحي.
بالمجمل شغل جميل وسعر حلو وخدمة مميزة.","[""service"", ""price"", ""ambiance""]","[""service"", ""cleanliness"", ""price"", ""food""]","[""ambiance""]","[""cleanliness"", ""food""]","{""service"": ""positive"", ""price"": ""positive"", ""ambiance"": ""positive""}","{""service"": ""positive"", ""cleanliness"": ""positive"", ""price"": ""positive"", ""food"": ""positive""}",{},0.05
5148,"Amazing service
The staff are so friendly and helpful and kind
افضل صالون nails جربته بالزمالك والاسعار رائعه
الموظفين كتكوتين وبشوشين جداً وصبورين علينا وعملوا لنا الي احنا عايزينه بالضبط
تعامل ولا اروع
سما سيد شيماء ويوسف وسلمى وعوض وبيبو صراحه staff  قمه فالاخلاق واللطافه","[""service"", ""price""]","[""service"", ""price"", ""ambiance"", ""cleanliness""]",[],"[""ambiance"", ""cleanliness""]","{""service"": ""positive"", ""price"": ""positive""}","{""service"": ""positive"", ""price"": ""positive"", ""ambiance"": ""positive"", ""cleanliness"": ""positive""}",{},0.575202
1009,"جربت البامية والفراخ اكثر من مرة و طعمه جيد جدا و نظيف
طلبت دليفري","[""food"", ""cleanliness"", ""delivery""]","[""food""]","[""cleanliness"", ""delivery""]",[],"{""food"": ""positive"", ""cleanliness"": ""positive"", ""delivery"": ""neutral""}","{""food"": ""positive""}",{},0.739074
8752,جميل جدا لا يوجد أي ملاحظات سلبية ولكن يوجد عليه ان يدفع مبلغ بسيط تكمله,"[""app_experience"", ""price""]","[""general""]","[""app_experience"", ""price""]","[""general""]","{""app_experience"": ""positive"", ""price"": ""negative""}","{""general"": ""positive""}",{},0.05
9687,تجربة جيدة بشكل عام، لكن واجهة المستخدم تحتاج لتطوير لتصبح أكثر سلاسة. أسعار الفنادق منافسة ولكن إجراءات الإلغاء معقدة بعض الشيء في بعض الأحيان.,"[""app_experience"", ""price"", ""service""]","[""app_experience"", ""price""]","[""service""]",[],"{""app_experience"": ""negative"", ""price"": ""positive"", ""service"": ""negative""}","{""app_experience"": ""negative"", ""price"": ""negative""}","{""price"": {""true"": ""positive"", ""predicted"": ""negative""}}",0.555179
8562,بالفعل تم التواصل وحل المشكلة وتم نشر أول إعلان مجانى,"[""service"", ""app_experience""]","[""none""]","[""app_experience"", ""service""]","[""none""]","{""service"": ""positive"", ""app_experience"": ""positive""}","{""none"": ""neutral""}",{},0.076632
7153,افضل موقع بالمملكة العربية السعودية نون,"[""app_experience""]","[""none""]","[""app_experience""]","[""none""]","{""app_experience"": ""positive""}","{""none"": ""neutral""}",{},0.070429
5771,انضف جيم جنبي واحسن كابتن عبدلله,"[""cleanliness"", ""service""]","[""service""]","[""cleanliness""]",[],"{""cleanliness"": ""positive"", ""service"": ""positive""}","{""service"": ""positive""}",{},0.809179
2520,"اليوم كان جميل جدا
شكر خاص
كريم
احمد غريب","[""general""]","[""service""]","[""general""]","[""service""]","{""general"": ""positive""}","{""service"": ""positive""}",{},0.578454
4449,عملت اظافر عند خلود بصراحه احلى مره عملت فيها اشطر وحدة في مصر كلها نظافة وترتيب وذوق وروحهم حلوه,"[""service"", ""cleanliness"", ""ambiance""]","[""service"", ""cleanliness""]","[""ambiance""]",[],"{""service"": ""positive"", ""cleanliness"": ""positive"", ""ambiance"": ""positive""}","{""service"": ""positive"", ""cleanliness"": ""positive""}",{},0.65246
6307,التطبيق كويس زودو الخصومات بقا 😂,"[""app_experience"", ""price""]","[""app_experience""]","[""price""]",[],"{""app_experience"": ""positive"", ""price"": ""negative""}","{""app_experience"": ""positive""}",{},0.562235
658,"والله اني محتار من بعض التعليقات كان يجيه صاحي ويسب الاكل واذا سكر وضيع الطاسه انفتحت الشهيه عنده قال طعمهم رائع
وحده تقول اول ماجيت مصر كان اكلهم حلو وبعد ماصحت وفكت السكره سبت 😂😂😂😂","[""food""]","[""food""]",[],[],"{""food"": ""neutral""}","{""food"": ""positive""}","{""food"": {""true"": ""neutral"", ""predicted"": ""positive""}}",0.274524
5014,"خدمة جيدة عروض  جيدة لا خصومات للأفراد
اذا كنت تابع لشركه تأمين خدمه جيدة","[""service"", ""price""]","[""service""]","[""price""]",[],"{""service"": ""positive"", ""price"": ""negative""}","{""service"": ""positive""}",{},0.877016
4309,اكل استغفر الله العظيم ، جي من اسوان عشان اكل بيتزا كويسه ومش فارق معايا سعرها ايه وللاسف عشان كنت في وسط البلد فلقيت على طلبات بيتزا كينج ويا ريته ما ظهر قدامي ، اكل سئ المحلات الي تحت بير السلم بتعمل انضف منه ، اجي ادفع فوق ال٥٠٠ ج في بيتزيتين وفي الاخر باكل عيش فينو الموضوع بالرغم انه عدى عليه اكتر من شهر بس والله ما نسيه وحالف للنزل الريفيو,"[""food"", ""price""]","[""food"", ""price"", ""service""]",[],"[""service""]","{""food"": ""negative"", ""price"": ""negative""}","{""food"": ""negative"", ""price"": ""negative"", ""service"": ""negative""}",{},0.587726
6071,السندوتشات علطول باردة الطعمية والبطاطس متلجين حرفيا ولازم حضرتك بنفسك إللي تروح تجيب الطعمية وتستني لغاية ما تطلع غير كده لو مستعجل خدها متلجة واذا كان عاجب,"[""food"", ""service""]","[""food""]","[""service""]",[],"{""food"": ""negative"", ""service"": ""negative""}","{""food"": ""positive""}","{""food"": {""true"": ""negative"", ""predicted"": ""positive""}}",0.381585
8711,بجد برنامج مش قادرة اوصف حلاوته او مميزاته♥,"[""app_experience""]","[""none""]","[""app_experience""]","[""none""]","{""app_experience"": ""positive""}","{""none"": ""neutral""}",{},0.092521
6531,فاشلة الصبح من اطلب مايلتزمون بالكروة ياخذون اكثر على الرغم جان عندي تخفيض بالسعر، ياريت الشركة تهتم بالسيارت الصبح,"[""service"", ""price"", ""delivery""]","[""price"", ""service""]","[""delivery""]",[],"{""service"": ""negative"", ""price"": ""negative"", ""delivery"": ""negative""}","{""price"": ""negative"", ""service"": ""negative""}",{},0.794617
4169,سيئ جدا ، خساير فلوس بس,"[""price""]","[""general""]","[""price""]","[""general""]","{""price"": ""negative""}","{""general"": ""negative""}",{},0.073354
6473,الابلكشين حرفياً اتطور وبقي حاجه روعه روعه روعه واستخدام وسرعه في التوصيل بجد التطور الجديد بقي رهيب وحلو جدااااااا 🔥😍😍😍😍😍😍😍😍😍😍😍😍😍😍😍😍😍😍😍😍😍,"[""app_experience"", ""delivery""]","[""app_experience"", ""delivery"", ""food""]",[],"[""food""]","{""app_experience"": ""positive"", ""delivery"": ""positive""}","{""app_experience"": ""positive"", ""delivery"": ""positive"", ""food"": ""positive""}",{},0.05
9578,الدعم الفنى بصراحه متعاون وممتاز .. كلمنى موظف اسمه مصطفى ابراهيم استحملنى فى أسألتى الكتيره بدون ملل .. الحجز مع ويجو بيزيد شويه عشان المصاريف لكن بيتم بسرعه وإنتا فى مكانك بدون ما تتعب نفسك وتدور على مكاتب حجز أو شركات والدعم عندهم ممتاز وكمان خدماتهم كتير غير تذاكر الطيران .. بصراحه كنت خايف استخدمه لكن من النهاردة هستخدمه علطول,"[""service"", ""price"", ""app_experience""]","[""service"", ""ambiance""]","[""app_experience"", ""price""]","[""ambiance""]","{""service"": ""positive"", ""price"": ""negative"", ""app_experience"": ""positive""}","{""service"": ""positive"", ""ambiance"": ""positive""}",{},0.05
6461,للاسف اول واخر مره اتعامل مع المطعم السيئ ده الكفته بصوص مقرف وكأنها مش مشويه علي الفحم خالص كانها مسلوقه وكذلك الفراخ مش حلوه استقبالكم طيب ومعاملتكم طيبه لا انكر لكن الشيف لازم تغيرروه بصراحه بطننا وجعانا من امبارح كرهتونا في الاكل من المطاعم كلها,"[""food"", ""service""]","[""food"", ""service""]",[],[],"{""food"": ""negative"", ""service"": ""positive""}","{""food"": ""negative"", ""service"": ""negative""}","{""service"": {""true"": ""positive"", ""predicted"": ""negative""}}",0.395751
5140,الصراحة دخلت اسوي رموش والصراحة ماعجبني ابدا الشغل وهى مسوية لى اربع حبات وبدال ماتشيلها وتحاول تحسن من سياسة كسب الزبون تخليوا دفعتني 300 جنية على ان العلبة حق الرموش من شي ان والعلبة كلها قيمتها 10 ريال  الصراحة ماعجني طريقة صاحبة المحل اظن اسمها شيما ماانصح فيه ابداً  حطيت نجمة علشان نظافة المكان فقط تعامل سيء,"[""service"", ""price"", ""cleanliness""]","[""service"", ""price"", ""ambiance"", ""cleanliness""]",[],"[""ambiance""]","{""service"": ""negative"", ""price"": ""negative"", ""cleanliness"": ""positive""}","{""service"": ""negative"", ""price"": ""negative"", ""ambiance"": ""negative"", ""cleanliness"": ""negative""}","{""cleanliness"": {""true"": ""positive"", ""predicted"": ""negative""}}",0.052483
4245,الصالون جميل والأناس الي فيه جدا متعاونين وطيبين عملت عندهم صبغه شعر وحواجب واستشوار  ..لكن غالي سعرهم ولا عندهم فيزا,"[""ambiance"", ""service"", ""price""]","[""service"", ""price""]","[""ambiance""]",[],"{""ambiance"": ""positive"", ""service"": ""positive"", ""price"": ""negative""}","{""service"": ""positive"", ""price"": ""positive""}","{""price"": {""true"": ""negative"", ""predicted"": ""positive""}}",0.22652
5455,"سعادة إدارة العيادة المحترمين
السلام عليكم ورحمة الله وبركاته،

أود أن أحيطكم علمًا بما واجهته خلال تعاملي مع عيادتكم الموقرة:

قبل حجز الموعد، قمت بإرسال تقرير طبي مفصل عن حالتي الصحية مرفقًا بالتحاليل اللازمة قبل البدء بالعلاج، وطرحت استفسارًا واضحًا حول إمكانية مساعدتي في حالتي. وقد تلقيت منكم ردًا إيجابيًا يفيد بقدرتكم على المساعدة، ولذلك حجزت موعدًا عن بُعد مقابل (٢٠٠ ريال).

وخلال الموعد شرحت للدكتورة وضعي الصحي الذي يتطلب علاجًا محددًا، وأكدت لي حينها أن العلاج متوفر بالفعل في العيادة، مما طمأنني ورفع من ثقتي. لكن بعد الموعد تغيّر الموقف تمامًا، حيث أفادوني أن العلاج غير متوفر لديهم، وإنما سيتم رفع طلب للصيدليات لتزويد العيادة به. ومنذ ذلك الوقت، وعلى مدى ثلاثة أشهر، كنت أتابع بشكل مستمر عبر الواتساب للاستفسار عن توفر العلاج، إلا أن الرد المتكرر كان بالنفي وعدم توفره.

وعندما طلبت تزويدي بالوصفة الطبية لشراء العلاج من مصدر آخر، قوبل طلبي بالرفض، بحجة أن العلاج لا يُصرف إلا من خلال العيادة. الأمر الذي أظهر أن الهدف لم يكن توفير العلاج بقدر ما كان ماديًا بحتًا، وهو ما سبب لي خيبة أمل عميقة بعد أن منحتكم ثقتي.

راجية من سعادتكم النظر في هذه الواقعة واتخاذ ما ترونه مناسبًا.

وتفضلوا بقبول وافر الاحترام والتقدير","[""service"", ""price""]","[""service""]","[""price""]",[],"{""service"": ""negative"", ""price"": ""negative""}","{""service"": ""positive""}","{""service"": {""true"": ""negative"", ""predicted"": ""positive""}}",0.523549
3238,"سوق وسط البلد في القاهرة هو نابض بالحياة وقلب العاصمة النابض. يمزج بسلاسة بين عبقة التاريخ وسحر العمارة الأوروبية القديمة مع حيوية التجارة والنشاط المعاصر. تجد فيه كل ما تحتاجه من ماركات عالمية ومحلات تقليدية أصيلة، بالإضافة إلى مقاهٍ ومطاعم مميزة. إنه ليس مجرد مكان للتسوق، بل هو تجربة ثقافية وترفيهية فريدة تضعك في صميم تاريخ وحاضر القاهرة.

:

Khedival Cairo's downtown market is the vibrant, beating heart of the capital. It seamlessly blends the allure of history and old European architecture with the energy of modern commerce and activity. You can find everything from global brands to authentic traditional shops, alongside distinguished cafes and restaurants. It's more than just a shopping destination; it's a unique cultural and entertainment experience that places you at the core of Cairo's past and present.","[""ambiance""]","[""ambiance"", ""general""]",[],"[""general""]","{""ambiance"": ""positive""}","{""ambiance"": ""positive"", ""general"": ""positive""}",{},0.101722
5375,صيدلية جيدة ، لكنها أحيانا غير قادرة على توفير بعض الأصناف الدوائية,"[""service""]","[""none""]","[""service""]","[""none""]","{""service"": ""negative""}","{""none"": ""neutral""}",{},0.05
5369,صيدلة قديمة في ميدان الباشا تجد فيها كل الأدوية والمستلزمات الطبية,"[""general""]","[""none""]","[""general""]","[""none""]","{""general"": ""positive""}","{""none"": ""neutral""}",{},0.07519
3962,"بقالنا سنين مع دكتور فادي
دكتورنا الغالي علينا","[""general""]","[""service""]","[""general""]","[""service""]","{""general"": ""positive""}","{""service"": ""positive""}",{},0.477122
3966,ناس اسوان بيحيوا د فادي المحترم,"[""none""]","[""service""]","[""none""]","[""service""]","{""none"": ""neutral""}","{""service"": ""positive""}",{},0.70707
4670,عيادة محترمة وتعامل ومتابعة روعة و دكاترة فاهمين ربنا يبارك و يتوسعوا ف اكتر من مكان,"[""ambiance"", ""service""]","[""service""]","[""ambiance""]",[],"{""ambiance"": ""positive"", ""service"": ""positive""}","{""service"": ""positive""}",{},0.811552
5295,من الصيدليات المتعاقدة مع التأمين الصحي,"[""general""]","[""none""]","[""general""]","[""none""]","{""general"": ""neutral""}","{""none"": ""neutral""}",{},0.085365
929,ما شاء الله سوق كامل للملابس اطفال وحريمي ورجالي فئات سعرية مختلفة شفت شغل مش موجود في أعلى براندات في مصر,"[""price""]","[""price""]",[],[],"{""price"": ""positive""}","{""price"": ""negative""}","{""price"": {""true"": ""positive"", ""predicted"": ""negative""}}",0.306972
8449,برنامج جيد لكن ينقصه الانتشار الأوسع,"[""app_experience""]","[""general""]","[""app_experience""]","[""general""]","{""app_experience"": ""neutral""}","{""general"": ""positive""}",{},0.05
5906,مبسوطه بجد احسن مكان عملت فيه ضوافري مارينا شاطره اوي ولطيفه جدا شكرا 🩷🩷🩷🩷🩷🩷🩷🩷🩷🩷,"[""service""]","[""service"", ""ambiance""]",[],"[""ambiance""]","{""service"": ""positive""}","{""service"": ""positive"", ""ambiance"": ""positive""}",{},0.666563
4191,"مكان نظيف مرتب اجهزه بحاله ممتازه
لكن يجب تعديل مواعيد الكلاسس","[""cleanliness"", ""ambiance"", ""service""]","[""ambiance"", ""cleanliness""]","[""service""]",[],"{""cleanliness"": ""positive"", ""ambiance"": ""positive"", ""service"": ""negative""}","{""ambiance"": ""positive"", ""cleanliness"": ""positive""}",{},0.524545
2601,الفطيره كانت كويسه بس مزيته جدا لدرجه ان الكرتونه الزيت بيسرب منها,"[""food"", ""cleanliness""]","[""none""]","[""cleanliness"", ""food""]","[""none""]","{""food"": ""negative"", ""cleanliness"": ""negative""}","{""none"": ""neutral""}",{},0.05
1865,جميل ونضيف لكن  سعره شوي حار وطريقة الحليب مش حلوه  لزم يكون جاهز الحليب مع الشاي ثاني شي الفطور حلو جميل,"[""ambiance"", ""cleanliness"", ""price"", ""service"", ""food""]","[""food"", ""price""]","[""ambiance"", ""cleanliness"", ""service""]",[],"{""ambiance"": ""positive"", ""cleanliness"": ""positive"", ""price"": ""negative"", ""service"": ""negative"", ""food"": ""positive""}","{""food"": ""positive"", ""price"": ""positive""}","{""price"": {""true"": ""negative"", ""predicted"": ""positive""}}",0.258585
4639,"فندق لا بأس فيه موقعه حلو الاطلالة رائعه
بس فى مشكله انت بتحجز وبس توصل ما بتلاقى غرف فاضيه ولا المكان يلى طلبته","[""ambiance"", ""service""]","[""ambiance"", ""food"", ""delivery""]","[""service""]","[""delivery"", ""food""]","{""ambiance"": ""positive"", ""service"": ""negative""}","{""ambiance"": ""neutral"", ""food"": ""positive"", ""delivery"": ""neutral""}","{""ambiance"": {""true"": ""positive"", ""predicted"": ""neutral""}}",0.05
8804,تطبيق جيد لكن يحتاج الي بعض التعديلات,"[""app_experience""]","[""app_experience""]",[],[],"{""app_experience"": ""neutral""}","{""app_experience"": ""positive""}","{""app_experience"": {""true"": ""neutral"", ""predicted"": ""positive""}}",0.497301
3352,المكان الصح صح مميز جدا جدا,"[""general""]","[""ambiance""]","[""general""]","[""ambiance""]","{""general"": ""positive""}","{""ambiance"": ""positive""}",{},0.578421
6573,يسلم ايديك يا كريم انت كثير شاطر يسلم ايديك يا كريم انت كثير شاطر,"[""service""]","[""none""]","[""service""]","[""none""]","{""service"": ""negative""}","{""none"": ""neutral""}",{},0.073085
2737,"بصراحة المكان تحفة الاكل جميل و الخدمة ف المحل حلوه اوي و الستف لطيف جداا ♥️♥️
كل سنه بنفطر عندهم مكان جميل اوي","[""ambiance"", ""food"", ""service""]","[""ambiance"", ""food"", ""service"", ""general""]",[],"[""general""]","{""ambiance"": ""positive"", ""food"": ""positive"", ""service"": ""positive""}","{""ambiance"": ""positive"", ""food"": ""positive"", ""service"": ""positive"", ""general"": ""positive""}",{},0.05
4382,مطعم سيء واكله حامض ومسحوق في صحه الاكل بتاعه جوه المحل في المطبخ بتاعه في بلاعه مجاري واتقفل قبل كده صحيا خدوا بالكم يا مصريين لابد من تقديم بلاغ صحي في المطعم ده وفي علامات استفهام على المطعم ده,"[""food"", ""cleanliness""]","[""food"", ""service""]","[""cleanliness""]","[""service""]","{""food"": ""negative"", ""cleanliness"": ""negative""}","{""food"": ""negative"", ""service"": ""negative""}",{},0.403938
866,المطعم رائع والخدمة رائعه أشكر الاخ محمد صلاح  على تعامله الراقي وأسلوبه المحترم، كان خدوم وسريع في تلبية الطلبات، وخلّى تجربتنا ممتعة جدًا.,"[""ambiance"", ""service""]","[""service"", ""ambiance"", ""food""]",[],"[""food""]","{""ambiance"": ""positive"", ""service"": ""positive""}","{""service"": ""positive"", ""ambiance"": ""positive"", ""food"": ""positive""}",{},0.203539
10015,بسبب حجز سابق وتم الخصم وإلغاء الحجز,"[""service""]","[""app_experience""]","[""service""]","[""app_experience""]","{""service"": ""negative""}","{""app_experience"": ""negative""}",{},0.750568
5107,نضافه وجودة عاليه ممتازين ماشاء الله,"[""cleanliness"", ""food""]","[""cleanliness"", ""service""]","[""food""]","[""service""]","{""cleanliness"": ""positive"", ""food"": ""positive""}","{""cleanliness"": ""positive"", ""service"": ""positive""}",{},0.569694
5460,مركز تمازج من أجمل المراكز الصحية ، استقبال محترم للمريض تعامل جيد ، وأطباء متميزين ،,"[""service""]","[""service"", ""ambiance""]",[],"[""ambiance""]","{""service"": ""positive""}","{""service"": ""positive"", ""ambiance"": ""positive""}",{},0.484924
1207,زرت المكان من يومين للسحور مع الازدحام كل شي سيء اسعار مبالغ فيها,"[""ambiance"", ""price""]","[""price"", ""ambiance""]",[],[],"{""ambiance"": ""negative"", ""price"": ""negative""}","{""price"": ""negative"", ""ambiance"": ""neutral""}","{""ambiance"": {""true"": ""negative"", ""predicted"": ""neutral""}}",0.294399
5234,لعبه الملاكمه مع كابتن محمد عبد الناصر جميله جيدا وبتعطي طاقه والتمرين مفيد للجسم والملاكمه دافع للنفس,"[""general""]","[""service""]","[""general""]","[""service""]","{""general"": ""positive""}","{""service"": ""positive""}",{},0.58612
7788,تجربة سيئة لتاني مرة اطلب اوردر وميوصلش وتحصل فيه لخبطه من شركة الشحن والمنتج مستلمهوش ومفيش أي تواصل علشان أقدر أحل المشكلة لا ف تواصل تليفوني ولا خدمة رسايل كله غير متاح ولا ف بند شكوى حتى,"[""delivery"", ""service""]","[""delivery"", ""service"", ""app_experience""]",[],"[""app_experience""]","{""delivery"": ""negative"", ""service"": ""negative""}","{""delivery"": ""negative"", ""service"": ""negative"", ""app_experience"": ""negative""}",{},0.61624
7840,التطبيق جميل جدا واول توصيله ببلاش,"[""app_experience"", ""delivery""]","[""app_experience""]","[""delivery""]",[],"{""app_experience"": ""positive"", ""delivery"": ""positive""}","{""app_experience"": ""positive""}",{},0.611064
1210,الفول جيد ولكن ينقصة التظبيط ولكن جو المكان رائع,"[""food"", ""ambiance""]","[""ambiance"", ""food""]",[],[],"{""food"": ""neutral"", ""ambiance"": ""positive""}","{""ambiance"": ""positive"", ""food"": ""positive""}","{""food"": {""true"": ""neutral"", ""predicted"": ""positive""}}",0.496541
7790,متجر بايخ وتوصيل اسو من الاسوا,"[""app_experience"", ""delivery""]","[""app_experience""]","[""delivery""]",[],"{""app_experience"": ""negative"", ""delivery"": ""negative""}","{""app_experience"": ""negative""}",{},0.58581
2046,"وصلنا وقالوا لنا مافيه لحم خلص اذا بتنتظرون ساعه انتظرنا ساعه وطلب اللحم من فرع اخر بصراحه الوضع كان ممل انتظار ساعه لكن الشي الحلو ان اللحم لما وصل بصراحه طعم جيد ولذيذ جدا ويستاهل الانتظار
احنا عايله من 7 اشخاص
طلبنا 700 غرام رقبه و1 كيلو بريسكت وقطعتين ستبك صغيره بصراحه زاد كثير فانتبهوا لهالنقطه","[""service"", ""ambiance"", ""food"", ""price""]","[""food""]","[""ambiance"", ""price"", ""service""]",[],"{""service"": ""negative"", ""ambiance"": ""negative"", ""food"": ""positive"", ""price"": ""neutral""}","{""food"": ""positive""}",{},0.556672
830,"حلو بس في رمضان زحمة طبعا جدا
وبيحاسب علي السلطات سعر اوفر شوية وبيحطها في الأول علشان تبقي مجبور عليها","[""ambiance"", ""price""]","[""price"", ""food""]","[""ambiance""]","[""food""]","{""ambiance"": ""negative"", ""price"": ""negative""}","{""price"": ""neutral"", ""food"": ""positive""}","{""price"": {""true"": ""negative"", ""predicted"": ""neutral""}}",0.196391
3773,موقعها ممتاز ومستشفى تاريخيه تاسست في عشرينات القرن المنصرم وبها اغلب التخصصات وهي تابعه لاحدى المؤسسات الكنائيسيه,"[""ambiance""]","[""general""]","[""ambiance""]","[""general""]","{""ambiance"": ""positive""}","{""general"": ""positive""}",{},0.05
5773,الجم حلو جدا جدا و الكوتش محترم وجامد جداا👌❤️❤️❤️,"[""ambiance"", ""service""]","[""service"", ""food""]","[""ambiance""]","[""food""]","{""ambiance"": ""positive"", ""service"": ""positive""}","{""service"": ""positive"", ""food"": ""positive""}",{},0.401503
5778,"بصراحه أجمل مكان ممكن نقول ف القاهره
بجد الكوتش مبيسبكش بيتقي الله انا انصح ف  الناس انها تنزل تتمرن ف الجيم","[""ambiance"", ""service""]","[""ambiance""]","[""service""]",[],"{""ambiance"": ""positive"", ""service"": ""positive""}","{""ambiance"": ""positive""}",{},0.591598
4948,تجربتي عن مركز العبد المعامله جميله جدا وكلهم في كمه الذوق ولاحترام والدكاتره شاطرين جدا دا غير استخدام انظف الخامات ودي عن تجربه انا واهلي,"[""service"", ""cleanliness""]","[""service""]","[""cleanliness""]",[],"{""service"": ""positive"", ""cleanliness"": ""positive""}","{""service"": ""positive""}",{},0.986699
2094,الاكل جيد والخدمه جيده ولكن نظافة الترابيزات والكراسي تحتاج لأهتمام اكتر وكذلك لبس الاستف الموجود,"[""food"", ""service"", ""cleanliness""]","[""food"", ""service"", ""ambiance""]","[""cleanliness""]","[""ambiance""]","{""food"": ""positive"", ""service"": ""positive"", ""cleanliness"": ""negative""}","{""food"": ""positive"", ""service"": ""positive"", ""ambiance"": ""positive""}",{},0.292981
4166,"تبي ينلعب عليك؟؟
((((((رح عندهم))))))","[""general""]","[""none""]","[""general""]","[""none""]","{""general"": ""negative""}","{""none"": ""neutral""}",{},0.101077
2445,"تجربة سيئة جدا بدء من التسجيل للدخول حتى صرف الدواء.
بطئ، لا مبلاة من فريق العمل، عدم احترام مواعيد من
الدكاترة
يكفي أن عيادة القلب فى الدور التاني والمصعد لا يعمل.....","[""service"", ""ambiance""]","[""service"", ""app_experience""]","[""ambiance""]","[""app_experience""]","{""service"": ""negative"", ""ambiance"": ""negative""}","{""service"": ""negative"", ""app_experience"": ""negative""}",{},0.05
7645,افضل مليون مرة من نصابين امازون,"[""app_experience""]","[""none""]","[""app_experience""]","[""none""]","{""app_experience"": ""positive""}","{""none"": ""neutral""}",{},0.05
2652,مطعم جميل جدا وبحس اني في خان الخليلي والحسين من روعة المكان طبعا مع روعة منظر النيل بالنهار بتعامل معاهم من سنين طويلة الاستاف ممتاز وخصوصا مستر صالح انسان ذوق ومضياف جدا الاكل عندهم مميز جدا وخصوصا الخبز الإيراني اللي بنطلبه مخصوص والحلو من لارين مع الاكل طبعا اخر مرة زرتهم كان في افطار رمضان اتمنى اشوف المكان زحمة زي الاول واتمنى يكون في تنويع اكتر في الأصناف واتمنى فقرة التخت الشرقي ترجع تاني واتمنالكم كل التوفيق,"[""ambiance"", ""service"", ""food""]","[""ambiance"", ""service"", ""food"", ""delivery"", ""general""]",[],"[""delivery"", ""general""]","{""ambiance"": ""positive"", ""service"": ""positive"", ""food"": ""positive""}","{""ambiance"": ""positive"", ""service"": ""positive"", ""food"": ""positive"", ""delivery"": ""positive"", ""general"": ""positive""}",{},0.05
2732,"غالي جدا علي الفاضي مش بيقدم الكواليتي الي بتدفعها
شوية رز عليهم ٤ صوابع كفته ب ٣٥٠ جنيه
و ١٠٠ جنيه خدمة و ضريبة ، هو انتو مفكرين نفسكم مين","[""price"", ""food"", ""service""]","[""price"", ""food""]","[""service""]",[],"{""price"": ""negative"", ""food"": ""negative"", ""service"": ""negative""}","{""price"": ""negative"", ""food"": ""negative""}",{},0.468927
1367,والصينيين معظم النزلاء جنسيات عربيه,"[""general""]","[""none""]","[""general""]","[""none""]","{""general"": ""negative""}","{""none"": ""neutral""}",{},0.05
2624,احب اشكر موظف الشيشة يوسف بصراحة محترم واحلى شيشه عنده,"[""service"", ""ambiance""]","[""service""]","[""ambiance""]",[],"{""service"": ""positive"", ""ambiance"": ""positive""}","{""service"": ""positive""}",{},0.896771
7504,وصول في المعاد والمنتجات كما في الوصف,"[""delivery""]","[""none""]","[""delivery""]","[""none""]","{""delivery"": ""positive""}","{""none"": ""neutral""}",{},0.05
7539,يحتاج تطوير في توصل وطريقة بحت على منتجات داخل تطبيق,"[""delivery"", ""app_experience""]","[""app_experience""]","[""delivery""]",[],"{""delivery"": ""negative"", ""app_experience"": ""negative""}","{""app_experience"": ""negative""}",{},0.849602
7609,اسواء تطبيق واسواء تجربه شراء مفيش التزام عملت طلب وسحبو المبلغ وبعد اسبوع تم الغاء الطلب من خللهم عشان مفيش توصيل لمنطقتي وسالت ليه قبلتو الطلب كان الرد خطاء في السيستم طيب رجعو الفلوس.... من اكتر من عشرين يوم اتصلت اكتر من عشر مرات مفيش حد بيحل حسبي الله ونعم الوكيل,"[""app_experience"", ""delivery"", ""service"", ""price""]","[""app_experience"", ""delivery"", ""service""]","[""price""]",[],"{""app_experience"": ""negative"", ""delivery"": ""negative"", ""service"": ""negative"", ""price"": ""negative""}","{""app_experience"": ""negative"", ""delivery"": ""negative"", ""service"": ""negative""}",{},0.498238
1713,اسوء مكان واسوء معامله واسعار غاليه علي الفاضي بجد مكان سي للغايه,"[""ambiance"", ""service"", ""price""]","[""price"", ""service""]","[""ambiance""]",[],"{""ambiance"": ""negative"", ""service"": ""negative"", ""price"": ""negative""}","{""price"": ""negative"", ""service"": ""negative""}",{},0.689658
6415,اسعار التوصيل بقي مبالغ فيها جدا يعني ايه مطعم جمب بيتي والتوصيل ٣٠ جنيه؟ تم الحذف,"[""delivery"", ""price""]","[""price""]","[""delivery""]",[],"{""delivery"": ""negative"", ""price"": ""negative""}","{""price"": ""negative""}",{},0.860812
3074,شكر خاص لطاقم الطبي د/ مجدي الشربيني و  د/عبد الفتاح ابو يوسف واقامه المستشفى الجيدة والتمريض ايضا,"[""service"", ""ambiance""]","[""service""]","[""ambiance""]",[],"{""service"": ""positive"", ""ambiance"": ""positive""}","{""service"": ""positive""}",{},0.947618
527,"زبالة
الفراخ كانت مخضرة وطعمها سئ جدا
انا والله ليس لدى شك ان الفراخ اللى كلناها منهم كانت فراخ ميته او مريضة على احسن الاحوال
نصيحة لله محدش يجرب المطعم دة عشان صحته الاول وعشان فلوسه ثانيا","[""food"", ""price""]","[""food""]","[""price""]",[],"{""food"": ""negative"", ""price"": ""negative""}","{""food"": ""negative""}",{},0.817265
2277,"مطعم ايام الزمن الجميل
اهم حاجة عندهم ان لقمة العيش محترمة محملة مش زي باقي المطاعم اللقمة الخفيفة اللي تخلي السندويشات مهرية .. جودة وخامات وطعم رائع","[""food""]","[""food"", ""ambiance""]",[],"[""ambiance""]","{""food"": ""positive""}","{""food"": ""positive"", ""ambiance"": ""positive""}",{},0.077529
6269,برنامج كذاب وبيحط صور اكل غير اللي بتيجي في الحقيقه,"[""app_experience"", ""food""]","[""app_experience""]","[""food""]",[],"{""app_experience"": ""negative"", ""food"": ""negative""}","{""app_experience"": ""negative""}",{},0.870101
9269,يجنن وانصحكم تمزلوه بس مشكلته في اعلانات بس مو مره كثيره,"[""app_experience""]","[""general""]","[""app_experience""]","[""general""]","{""app_experience"": ""neutral""}","{""general"": ""positive""}",{},0.05
6760,الصراحه تعامل ممتز جدإ وسيارات نظيفه. وسواقين محترفين. ولاكن. اتمنا من. صاحب. التطبق. ان يقوم. بميزه جديده. وهي. اضافه سندات. بتفاصل المشوار. وسعر المشاوارر. اكترونيه. تستطيع. ان تطبعها. بسبب المشاكل. الذي تحصل بينك انت واصحاب العمل. بسبب الحساب حق المشوار.,"[""service"", ""cleanliness"", ""app_experience""]","[""service""]","[""app_experience"", ""cleanliness""]",[],"{""service"": ""positive"", ""cleanliness"": ""positive"", ""app_experience"": ""negative""}","{""service"": ""positive""}",{},0.955734
8508,تطبيق فاشل ويعطلوا فيه بعض الخواص لمصلحتهم... فكلما حاولت أن أعلن عن عقار يعطينى تعذر الوصول إلى قاعدة البيانات وتكرر ذلك عدة مرات رغم أن التطبيق أحدث نسخة!!! فأفيدونا بالسبب. ؟هل لأجل أن تحولوه إلى أعلان مدفوع والله المستعان,"[""app_experience"", ""service""]","[""app_experience""]","[""service""]",[],"{""app_experience"": ""negative"", ""service"": ""negative""}","{""app_experience"": ""negative""}",{},0.951695
5509,"جربوا الكوردن
والسوبر سوبريم جامدين","[""food""]","[""none""]","[""food""]","[""none""]","{""food"": ""positive""}","{""none"": ""neutral""}",{},0.05
3467,اللحم جيد جدا، باقي الاطباق الجانبيه مثل الرز جوده منخفضه، مدير الصاله والعاملين محترمين جدا,"[""food"", ""service""]","[""service"", ""food"", ""ambiance""]",[],"[""ambiance""]","{""food"": ""neutral"", ""service"": ""positive""}","{""service"": ""positive"", ""food"": ""positive"", ""ambiance"": ""positive""}","{""food"": {""true"": ""neutral"", ""predicted"": ""positive""}}",0.179927
1033,المكان قعدته حلوه 🌹 و ال view جميل,"[""ambiance""]","[""ambiance"", ""service"", ""food""]",[],"[""food"", ""service""]","{""ambiance"": ""positive""}","{""ambiance"": ""positive"", ""service"": ""positive"", ""food"": ""positive""}",{},0.190329
4439,"مرره ما عجبني تعامل الى قصتي شعري
اعتقد اسمها روى","[""service""]","[""service""]",[],[],"{""service"": ""negative""}","{""service"": ""positive""}","{""service"": {""true"": ""negative"", ""predicted"": ""positive""}}",0.259953
6339,هو كوايس بس مش عارفه أكد العنوان,"[""app_experience""]","[""none""]","[""app_experience""]","[""none""]","{""app_experience"": ""neutral""}","{""none"": ""neutral""}",{},0.112599
7112,موقع غالي وعدم اهتمام بطلبات العميل اكثر المنتجات بنسبة ٨٠٪ من شي ان وتيمو وعلي اكسبريس ويعرضونها في نون دبل السعر مرتين موقع زzبالة بمطورة والمسؤولين عنة,"[""price"", ""service"", ""app_experience""]","[""price"", ""service"", ""delivery""]","[""app_experience""]","[""delivery""]","{""price"": ""negative"", ""service"": ""negative"", ""app_experience"": ""negative""}","{""price"": ""negative"", ""service"": ""negative"", ""delivery"": ""negative""}",{},0.134321
3252,الله يرزق اصحابو ويباركلهم ديلفري ممتاز والاكل بيوصل سخن وجودة الاكل جيدة جدا,"[""delivery"", ""food""]","[""food"", ""ambiance""]","[""delivery""]","[""ambiance""]","{""delivery"": ""positive"", ""food"": ""positive""}","{""food"": ""positive"", ""ambiance"": ""positive""}",{},0.055018
3840,الاكل جميل والمحل نضيف بسم الله ما شاء الله اللهم بارك,"[""food"", ""cleanliness""]","[""food""]","[""cleanliness""]",[],"{""food"": ""positive"", ""cleanliness"": ""positive""}","{""food"": ""positive""}",{},0.762344
2190,"الموقع ممتاز
الموظفين ودودين جداً
الجودة 5/10
الفطار 5/10
الماء في دورة المياه 0/10
نضافه الغرفة 3/10
المرتبة 4/10
بشكل عام 5/10","[""ambiance"", ""service"", ""food"", ""cleanliness""]","[""service"", ""ambiance"", ""cleanliness""]","[""food""]",[],"{""ambiance"": ""positive"", ""service"": ""positive"", ""food"": ""neutral"", ""cleanliness"": ""negative""}","{""service"": ""positive"", ""ambiance"": ""positive"", ""cleanliness"": ""positive""}","{""cleanliness"": {""true"": ""negative"", ""predicted"": ""positive""}}",0.557616
5646,"إدارة فاشلة وغالي عالفاضي وبيسمحوا للأطفال يفرقعوا صواريخ داخل المكان وتتنقس بارود وانت بتتمرن
Irresponsible management, expensive fees for low quality services","[""service"", ""price"", ""cleanliness"", ""ambiance""]","[""service"", ""price"", ""ambiance""]","[""cleanliness""]",[],"{""service"": ""negative"", ""price"": ""negative"", ""cleanliness"": ""negative"", ""ambiance"": ""negative""}","{""service"": ""negative"", ""price"": ""negative"", ""ambiance"": ""neutral""}","{""ambiance"": {""true"": ""negative"", ""predicted"": ""neutral""}}",0.121251
4523,الصيدلية قريبة من مركز الزمبيلي للعيون ويوفر اغلب الادوية التي تطلبها العيادة,"[""general""]","[""ambiance""]","[""general""]","[""ambiance""]","{""general"": ""positive""}","{""ambiance"": ""positive""}",{},0.277012
6762,محدودية في السائقين بالرمثا و حتى لو توفر سائق يكون بعيدا عن موقعي ويأخذ وقتا طويلا لكي يصلني,"[""delivery"", ""service""]","[""service""]","[""delivery""]",[],"{""delivery"": ""negative"", ""service"": ""negative""}","{""service"": ""negative""}",{},0.705238
3407,المكان جميل جدا جدا والأكل تحفة الصراحة ❤,"[""ambiance"", ""food""]","[""food"", ""ambiance"", ""general""]",[],"[""general""]","{""ambiance"": ""positive"", ""food"": ""positive""}","{""food"": ""positive"", ""ambiance"": ""positive"", ""general"": ""positive""}",{},0.05
8231,اسوء برنامج وازبل برنامج لا بيظهر رقم المعلن ولا حتى فى تواصل مع خدمه العملاء ولا حتى بيسأل فيك ومشاكل تقنيه كتير,"[""app_experience"", ""service""]","[""app_experience""]","[""service""]",[],"{""app_experience"": ""negative"", ""service"": ""negative""}","{""app_experience"": ""negative""}",{},0.958264
8306,احسن ابلكيشن بجد انا استخدمت الابلكيشن ف كذا حاجة وفعلا تحفة كويس جداا وديما متابعين العملااء والكوالتي بتاعتهم كويسة,"[""app_experience"", ""service""]","[""app_experience""]","[""service""]",[],"{""app_experience"": ""positive"", ""service"": ""positive""}","{""app_experience"": ""positive""}",{},0.443956
5254,"دلوقتي لسا طالب من المطعم ونفس العرض ال 150
1.الدليفري قاعد ساعه ونص علي ما يوصل ف الاكل وصل ساقع والبطاطس مبرولة
2. السندوتشات غير الصور وحجمها صغير ومن غير صوصات الجبنة او حاجه
3. الزنجر جه محروق شوية ولونوا احمر مش دهبي
اخر مره اطلب من عندكم👎👎","[""delivery"", ""food""]","[""food"", ""price"", ""delivery""]",[],"[""price""]","{""delivery"": ""negative"", ""food"": ""negative""}","{""food"": ""negative"", ""price"": ""negative"", ""delivery"": ""negative""}",{},0.136798
7244,سئ جدآ,"[""general""]","[""none""]","[""general""]","[""none""]","{""general"": ""negative""}","{""none"": ""neutral""}",{},0.05
2192,زي ما قولت اكل حلو جدا لايوجد مكان لركن العربيه والحمامات مش كفايه بس غير كده الاهم  الاكل جميل جدا,"[""food"", ""ambiance"", ""cleanliness""]","[""food"", ""cleanliness"", ""ambiance""]",[],[],"{""food"": ""positive"", ""ambiance"": ""negative"", ""cleanliness"": ""negative""}","{""food"": ""positive"", ""cleanliness"": ""neutral"", ""ambiance"": ""negative""}","{""cleanliness"": {""true"": ""negative"", ""predicted"": ""neutral""}}",0.05
2824,"الامل طعم بس الاسعار افترى فيها ونصب علينا :
اخذنا نص كباب وكفته ووحده حمام وملوخية ورز وشوربة لسان عصفور وطحينة وحمص …. و2 ميه وسلطة خضراء
تخيلو طلعت الفاتورة 2400 جنية
رغم اطلاعي على الاسعار في المنيو ماتوصل
افترى علينا","[""food"", ""price""]","[""price"", ""food""]",[],[],"{""food"": ""positive"", ""price"": ""negative""}","{""price"": ""negative"", ""food"": ""negative""}","{""food"": {""true"": ""positive"", ""predicted"": ""negative""}}",0.622977
5900,خدمه فوق الممتازه و رقى و نظافه و ذوق ، غير انها بروفيشنال و اى ديزين او حاجه تيجى ف الخيال بتتعمل و تنفع ، قمه فى التميز 🥰🥰🥰,"[""service"", ""cleanliness"", ""ambiance""]","[""service"", ""cleanliness""]","[""ambiance""]",[],"{""service"": ""positive"", ""cleanliness"": ""positive"", ""ambiance"": ""positive""}","{""service"": ""positive"", ""cleanliness"": ""positive""}",{},0.699613
6312,اسوأ برنامج توصيل يعنى انا محدد عنواني عن طريق لوكيشن البرنامج ومتحدد غلط فى منطقه تانيه ومفيش تعديل ليها فكتبت العنوان بأيدى يتصل بيا السواق يكامنى بأسلوب زى الزفت وكأنوا بيوصلى ببلاش ولما جابلى الاكل يقول تكلفه اضافيه عشان عنوان مختلف و منيوز سيباك تتعامل انت مع الطيار امال انتوا ايه دوركم بالظبط بجد انا همسح البرنامج دى مش طريقه بروفيشنال فى الاداره,"[""app_experience"", ""service"", ""delivery""]","[""service"", ""app_experience"", ""delivery"", ""price""]",[],"[""price""]","{""app_experience"": ""negative"", ""service"": ""negative"", ""delivery"": ""negative""}","{""service"": ""negative"", ""app_experience"": ""negative"", ""delivery"": ""negative"", ""price"": ""negative""}",{},0.53564
255,قلة زوق ف التعامل سواء من الفريق او مسؤول الفرع واكل بيتاخر جدا ويقولك اصل بيجهز وف الاخر الأوردر يخرجلنا متلج وكله صوصات مخبية الطعم اصلا,"[""service"", ""delivery"", ""food""]","[""food"", ""service""]","[""delivery""]",[],"{""service"": ""negative"", ""delivery"": ""negative"", ""food"": ""negative""}","{""food"": ""negative"", ""service"": ""negative""}",{},0.824267
5547,"الجيم جميل واكتريت الاجهزه متوفرة وكلو تمام
بس مشكلتو ان بيفتح بعد العصر شباب وبنات يعني ليه مش مخليين وقت بعد العصر شباب بس زي ما البنات ليهم وقت لوحدهم؟","[""ambiance"", ""service""]","[""ambiance""]","[""service""]",[],"{""ambiance"": ""positive"", ""service"": ""negative""}","{""ambiance"": ""positive""}",{},0.5346
3246,عدم تنظيم وعمالة اقل من السن القانوني اعت في الطوارئ اكتر من ساعة محدش عبرني وكل ما اكلم حد الدكتورة معاها حالة كان مفيش غير دكتورة واحدة في المستشفى 4 ساعات علشان يعملولي تحليل دم والتمريض اسواء ما يكون وغير مدرب ركبولي الكانولا وغرقو الأرض وهدومي دم بعد محولات لسحب الدم وكل ما تكلم حد يبعتك لحد تاني والاستراحة خارج المستشفى في الجو التلج ده وانا عندي رعشة في العضم,"[""service"", ""cleanliness"", ""ambiance""]","[""service""]","[""ambiance"", ""cleanliness""]",[],"{""service"": ""negative"", ""cleanliness"": ""negative"", ""ambiance"": ""negative""}","{""service"": ""negative""}",{},0.978768
9314,هو جيد جدا و متفوق علي تطبيقات مشابها كثيره ولكنه بدا يفقد هذه الميزه حيث بدات ميزات المجاني تقل به مع الوقت,"[""app_experience"", ""price""]","[""app_experience""]","[""price""]",[],"{""app_experience"": ""neutral"", ""price"": ""negative""}","{""app_experience"": ""negative""}","{""app_experience"": {""true"": ""neutral"", ""predicted"": ""negative""}}",0.558411
7111,أسوأ تطبيق شفتو بحياتي كتير مزعوجه اطلب طلب بأكثر من الف درهم وبالاخر المنطقه غير مدعومه وانا ساكنه بعجمان على الكورنيش وين بدكم اسكن ارقى من هيك لا وخدمة السوبر مول انحذفت فجأه بسبب المنطقه خير ان شاءالله ساكنه بشيكاغو وانا مابعرف,"[""app_experience"", ""delivery"", ""service""]","[""app_experience"", ""service"", ""price""]","[""delivery""]","[""price""]","{""app_experience"": ""negative"", ""delivery"": ""negative"", ""service"": ""negative""}","{""app_experience"": ""negative"", ""service"": ""negative"", ""price"": ""negative""}",{},0.657742
1310,"الخدمة كويسة
لكن الاكل طعمه عادي مش مبهر يعني القيمة اقل من السعر
السعر ده تاخد بيه اكل احسن كتير من اماكن كتير","[""service"", ""food"", ""price""]","[""food"", ""price"", ""service""]",[],[],"{""service"": ""positive"", ""food"": ""negative"", ""price"": ""negative""}","{""food"": ""neutral"", ""price"": ""negative"", ""service"": ""positive""}","{""food"": {""true"": ""negative"", ""predicted"": ""neutral""}}",0.462807
9211,عشاني بحبكم,"[""general""]","[""none""]","[""general""]","[""none""]","{""general"": ""positive""}","{""none"": ""neutral""}",{},0.390441
1006,اكل عادي البشاميل كان طعم الفخار باين فيها,"[""food""]","[""food""]",[],[],"{""food"": ""negative""}","{""food"": ""neutral""}","{""food"": {""true"": ""negative"", ""predicted"": ""neutral""}}",0.893358
7600,من اسواء التطبقات اتعملت معاه طلب اردر ليه اكتر من 5ايام ولم يصل ويتم الضحك عليه والاستخفاف بعقول العملاء تم التواصل مع خدمة العملاء اكثر من مره علشن التاخر وكان الرد اليوم لايتي بكره لايتي سئ سواء في مندوب التواصيل او خدمة العملاء,"[""app_experience"", ""delivery"", ""service""]","[""service"", ""delivery""]","[""app_experience""]",[],"{""app_experience"": ""negative"", ""delivery"": ""negative"", ""service"": ""negative""}","{""service"": ""negative"", ""delivery"": ""negative""}",{},0.70988
1714,اذا انت سائح خليجي راح يحلبونك حلب 😂,"[""price""]","[""general""]","[""price""]","[""general""]","{""price"": ""negative""}","{""general"": ""positive""}",{},0.05
6345,خدمة توصيل سيئة تأخر ساعتين عن الوقت المحدد. تطبيق فاشل ولا يصلح للاستخدام.,"[""delivery"", ""app_experience""]","[""service"", ""app_experience"", ""delivery""]",[],"[""service""]","{""delivery"": ""negative"", ""app_experience"": ""negative""}","{""service"": ""negative"", ""app_experience"": ""negative"", ""delivery"": ""negative""}",{},0.473888
6749,سيىطئ جداً مقارنة في اوبر و الاكواد كاذبه أيضاً سيارات قديمه و اسعار مبالغ فيها,"[""service"", ""app_experience"", ""price""]","[""price""]","[""app_experience"", ""service""]",[],"{""service"": ""negative"", ""app_experience"": ""negative"", ""price"": ""negative""}","{""price"": ""negative""}",{},0.858184
8609,تجربة ممتازة لولا أنه لايقبل الصور عالية الجودة,"[""app_experience""]","[""app_experience""]",[],[],"{""app_experience"": ""neutral""}","{""app_experience"": ""negative""}","{""app_experience"": {""true"": ""neutral"", ""predicted"": ""negative""}}",0.308452
1083,"السمعه اعلى من الواقع ..

الاكل عادي ، بيتزا عاديه جدا ، سباقيتي بولونيز عاديه ، جمبري بصوص الزبده لذيذ جدا ..

المطعم لايقبل الا كاش فقط","[""food"", ""service""]","[""food""]","[""service""]",[],"{""food"": ""neutral"", ""service"": ""negative""}","{""food"": ""neutral""}",{},0.456408
1963,أسوأ مطعم في خدمة التوصيل في رمضان,"[""delivery""]","[""service""]","[""delivery""]","[""service""]","{""delivery"": ""negative""}","{""service"": ""negative""}",{},0.509778
5202,معليش النصب عندهم مو طبيعي تخيلو جيت يوم الخميس استشوار شعري ب ٢٠٠ يوم السبت صار ٦٠٠ قلت له ليش قال حمام كريم ب ٤٠٠ يوم سووه لي ذاك اليوم ٢٠٠ والله مو طبيعي الاستهبال اول مايشوفن احد سعودي يرفعو سعر دبل عشان مروحه🤣 نفس اسعار الرياض قلبو,"[""price"", ""service""]","[""price"", ""service""]",[],[],"{""price"": ""negative"", ""service"": ""negative""}","{""price"": ""positive"", ""service"": ""positive""}","{""price"": {""true"": ""negative"", ""predicted"": ""positive""}, ""service"": {""true"": ""negative"", ""predicted"": ""positive""}}",0.699747
7500,ممتاز جدا جدا أين اللغه العربيه شكرا لحضرتك يافندم,"[""app_experience""]","[""general""]","[""app_experience""]","[""general""]","{""app_experience"": ""neutral""}","{""general"": ""positive""}",{},0.331992
418,"كل شئ جاهز
ومستنيك تنورهم علشان
تشتري الجملة مش محتاج رئ
لانك عارف مكانك
لكن المستهلك
وهيدور سوق الأزهر
كل شئ
1-العطارة
2-المنظفات
3-الاقمشة
4-الادوات المنزلية
ارجو ألا أكون نسيت حاجة
من مميزات الأزهر
5-البرفانات. لا زيارتك الجميلة","[""general""]","[""ambiance""]","[""general""]","[""ambiance""]","{""general"": ""positive""}","{""ambiance"": ""positive""}",{},0.123166
6545,لايمكن استرجاع الرصيد ؛ وعند الرغبة في استخدامة لطلبات المطاعم يكون الرد المنطقة غير مغطاة بالخدمة !!!!!,"[""app_experience"", ""delivery""]","[""service"", ""app_experience""]","[""delivery""]","[""service""]","{""app_experience"": ""negative"", ""delivery"": ""negative""}","{""service"": ""negative"", ""app_experience"": ""negative""}",{},0.687358
4741,"""كانت تجربة ممتازة مع الدكتور، يتميز بالاحترافية والاهتمام بالمريض وشرح كل التفاصيل بهدوء. حسيت براحة وثقة أثناء التعامل ...وأنصح به بشدة. شكراً على الاهتمام والرعاية","[""service"", ""ambiance""]","[""service""]","[""ambiance""]",[],"{""service"": ""positive"", ""ambiance"": ""positive""}","{""service"": ""positive""}",{},0.963939
1990,وسط مو مره للي يعرفوا الطعم الايطالي الاصلي 👍🏻,"[""food""]","[""food""]",[],[],"{""food"": ""neutral""}","{""food"": ""positive""}","{""food"": {""true"": ""neutral"", ""predicted"": ""positive""}}",0.05
7931,"أسوأ شركة تتعامل معاها ، تطلب الطلب ياخدوا منك الفلوس بعدين يذلوك عشان تستلم طلبك ، منتهى الإستحقار للعملاء ، فعلا شئ مخذل ومقرف أتمنى أن تسوء سمعتكم أكثر مني أنا لن تنجحوا بطريقة التعامل مع العملاء وعدم تلبية طلبات العملاء أنتم تفشلون كل يوم أكثر من اليوم السابق, وللمرة الثالثه على التوالي، انتهى امازون في الدول العربية، مقاطعة تامة","[""service"", ""delivery"", ""app_experience""]","[""service"", ""delivery""]","[""app_experience""]",[],"{""service"": ""negative"", ""delivery"": ""negative"", ""app_experience"": ""negative""}","{""service"": ""negative"", ""delivery"": ""negative""}",{},0.477375
5690,ممكن رقم للتواصل لمعرفه الأسعار,"[""none""]","[""price""]","[""none""]","[""price""]","{""none"": ""neutral""}","{""price"": ""negative""}",{},0.146885
7686,لا يدعم الشحن لاغلب البضائع و نصاب يأخذ منك فلوس الاشتراك بدون اي فائدة ولا يوجد دعم طريقة التواصل مع الدعم معقد وليس في متناول اليد و دائما مشكلة ورا مشكلة,"[""delivery"", ""price"", ""service"", ""app_experience""]","[""app_experience"", ""service""]","[""delivery"", ""price""]",[],"{""delivery"": ""negative"", ""price"": ""negative"", ""service"": ""negative"", ""app_experience"": ""negative""}","{""app_experience"": ""negative"", ""service"": ""negative""}",{},0.653413
3384,سوبرماركت ممتاز به تقريبا كل ما يحتاجه المنزل من مواد غذائية..  منظم إلى حد كبير .. صغر حجمه النسبي يسمح بإتمام التسوق بسرعة و كفاءة .. يوجد عنده خدمة توصيل ممتازة,"[""cleanliness"", ""ambiance"", ""delivery""]","[""service""]","[""ambiance"", ""cleanliness"", ""delivery""]","[""service""]","{""cleanliness"": ""positive"", ""ambiance"": ""positive"", ""delivery"": ""positive""}","{""service"": ""positive""}",{},0.373121
4599,بصراحة نظيفه والخدمة ممتازة ومتابعة مع المريض والدكاترة ممتازين بالذات الدكتورة مها شكرا ليكم عل حسن الاستقبال,"[""cleanliness"", ""service""]","[""service""]","[""cleanliness""]",[],"{""cleanliness"": ""positive"", ""service"": ""positive""}","{""service"": ""positive""}",{},0.976083
1300,"للأسف كانت تجربتنا سيئة جداً. نحن سُيّاح، وهذا النوع من التعامل يعطي انطباعاً سلبيّاً للغاية عن المكان وعن مستوى الخدمة المقدمة. الموظف المدعو (محمد عارف) رفض السماح لنا بالجلوس إلا بشرط طلب غداء أو عشاء، رغم أننا أوضحنا أننا نرغب فقط في طلب شيشة وقهوة وحلى.

وفي المقابل، شاهدنا أربع طاولات أمامنا تم السماح لهم بالجلوس وطلبوا قهوة فقط دون أي اشتراطات، مما يعكس تمييزاً غير مقبول في التعامل.

أتمنى أن تصل رسالتي لإدارة وصاحب المكان، وأن يتم اتخاذ الإجراءات اللازمة لتحسين أسلوب الاستقبال والمعاملة، لأن حسن التعامل هو أساس نجاح أي منشأة سياحية","[""service"", ""ambiance""]","[""service"", ""ambiance""]",[],[],"{""service"": ""negative"", ""ambiance"": ""negative""}","{""service"": ""negative"", ""ambiance"": ""neutral""}","{""ambiance"": {""true"": ""negative"", ""predicted"": ""neutral""}}",0.129845
4440,انا متأسفه جدا جدا اني تأخرت في التعليق انا جيت قبل اسيوعين تقريبا لكن للامانه شغل وتعامل واخلاق حاجه ماتنوصف واستمتاع وانبهار من الموظفات الخلوقات وكل الشكر والتقدير للفنانه بتاعت الاظافر خلود كل الشكر للامانه شغل مرتب ونظييييييف🤍🤍🤍🤍🤍🤍.,"[""service"", ""cleanliness""]","[""service""]","[""cleanliness""]",[],"{""service"": ""positive"", ""cleanliness"": ""positive""}","{""service"": ""positive""}",{},0.825294
6363,اسوء تجربة واسوء ابلكيشن .. نصابين بتعرض اعلان كود خصم عشان انزله ولما انزل الابلكيش واطلب مفيش خصم ولما ابلغكو يترد عليا ان المطعم ده مش بيقبل كود خصم ودور علي مطاعم تكون بتقبل .. هتأكلو اهالينا علي مزاجكو صح .. طالما مقدرتش تعمل كود زي ده علي جميع المطاعم يبقا متعملش الاعلان او تعمل الاعلان وتحدد علي بعض المطاعم انما انت منزله عام وكمان اتعرض الاعلان علي صفة نفس المطعم الي طلبت منه.. كل دن عشان ننزل التطبيق وهيكون انهيار التطبيق ده انشاءالله,"[""app_experience"", ""service"", ""price""]","[""app_experience"", ""price""]","[""service""]",[],"{""app_experience"": ""negative"", ""service"": ""negative"", ""price"": ""negative""}","{""app_experience"": ""negative"", ""price"": ""negative""}",{},0.589012
3185,"من اروع الامكان التي سكنت فيها
تعامل رائع من الجميع دون استثناء
الاستقبال والعاملين علي النظافه جميعا دون استثناء
والاخ البشوش الشيف الاستاذ حسام والأخت التي معه لا اعرف اسمها رائعون بكل ما تعنيه الكلمه
غرف مرتبه ونظيفه وأطلال علي النيل جميله
وسوف اكرر زيارتي باذن الله
شكرا جزيلا لأستاذ خالد حسان علي جهوده الطيبة
لخدمه النزلاء وفريق العمل بارك الله فيكم جميعا
دمتم بخير 🌺","[""service"", ""cleanliness"", ""ambiance"", ""food""]","[""service"", ""ambiance"", ""cleanliness""]","[""food""]",[],"{""service"": ""positive"", ""cleanliness"": ""positive"", ""ambiance"": ""positive"", ""food"": ""positive""}","{""service"": ""positive"", ""ambiance"": ""positive"", ""cleanliness"": ""positive""}",{},0.577695
5273,جملة ما من استعارة تحفة,"[""none""]","[""general""]","[""none""]","[""general""]","{""none"": ""neutral""}","{""general"": ""positive""}",{},0.369341
7698,بصراحة برنامج جميل ولكن في الاخير لم استطيع الشرا لم يوجد خيار دفع عند الاستلام رغم كان أول موجود وهذا شي موووئسف جد,"[""app_experience""]","[""app_experience""]",[],[],"{""app_experience"": ""neutral""}","{""app_experience"": ""negative""}","{""app_experience"": {""true"": ""neutral"", ""predicted"": ""negative""}}",0.715749
1785,المكان تحفه و الاكل تحفه و المعمله جميله جدا,"[""ambiance"", ""food"", ""service""]","[""food"", ""ambiance""]","[""service""]",[],"{""ambiance"": ""positive"", ""food"": ""positive"", ""service"": ""positive""}","{""food"": ""positive"", ""ambiance"": ""positive""}",{},0.737107
8908,بجد تحفه اوي و بجد اعلناته مش كتير,"[""app_experience""]","[""general""]","[""app_experience""]","[""general""]","{""app_experience"": ""positive""}","{""general"": ""positive""}",{},0.346953
4181,"لقد زرنا المكان. تدني في مستوى النظافه بشكل فضيع ماانصح اي عميل يجي يعمل مساج او بس يفكر يدخل راح ينصدم من المشهد امامه.
اعوذ بالله سراديب وحوش وروايح معفنه","[""cleanliness"", ""ambiance""]","[""ambiance"", ""cleanliness"", ""service""]",[],"[""service""]","{""cleanliness"": ""negative"", ""ambiance"": ""negative""}","{""ambiance"": ""negative"", ""cleanliness"": ""negative"", ""service"": ""negative""}",{},0.580211
725,"المطعم اللي بدولفين مول سيء جداااا وسخ بطريقة مقرفة ...
قلنالو البطاطس قديمة مسكها بايدو وعندو اغلب الحاجات قديمة والاكل لازم واحد يكون ميت جوع حتى يقدر ياكل.. الستاف معاملتهن سيئة ومافيش اي نظافة .. تجربة لاتعاد","[""food"", ""service"", ""cleanliness""]","[""food"", ""cleanliness"", ""service"", ""ambiance""]",[],"[""ambiance""]","{""food"": ""negative"", ""service"": ""negative"", ""cleanliness"": ""negative""}","{""food"": ""negative"", ""cleanliness"": ""negative"", ""service"": ""negative"", ""ambiance"": ""negative""}",{},0.177471
4605,مكان محترم ورائع ومتابعه ممتازه ...  دكتور عصام نصر دكتور القلب دكتور محترم وشاطر ومستمع جيد جدا وبيراعى ربنا فى شغله  ... شكرا جزيلا جزاكم الله خيرا,"[""ambiance"", ""service""]","[""service""]","[""ambiance""]",[],"{""ambiance"": ""positive"", ""service"": ""positive""}","{""service"": ""positive""}",{},0.802484
4088,"مستشفى زباله دكاترة مفيش عندهم اي نوع من المسؤولية استهتار بالمرضي واهدار وقت الناس
اسوء تجربة مريت بيها في حياتي","[""service"", ""ambiance""]","[""service""]","[""ambiance""]",[],"{""service"": ""negative"", ""ambiance"": ""negative""}","{""service"": ""negative""}",{},0.941234
9605,هايل جدا يساعدك ف اختيار افضل الرحلات والأسعار,"[""service"", ""price""]","[""price""]","[""service""]",[],"{""service"": ""positive"", ""price"": ""positive""}","{""price"": ""positive""}",{},0.497415
2901,"ركبت اكستنشن وقص وسشوار ع يد عمر الديب .. تسلم يده فنان ماشاء الله ، 🙏🏻🙏🏻
وبشكر مدير الصالون محمود حسن على حسن التعامل والاستضافه 🙏🏻⭐️⭐️","[""service"", ""ambiance""]","[""service""]","[""ambiance""]",[],"{""service"": ""positive"", ""ambiance"": ""positive""}","{""service"": ""positive""}",{},0.947209
4316,"مش احسن حاجه
فقط مكان تاكل فيه لو جعان","[""food""]","[""food""]",[],[],"{""food"": ""neutral""}","{""food"": ""negative""}","{""food"": {""true"": ""neutral"", ""predicted"": ""negative""}}",0.292614
785,الأكل متوسط المستوى،الخدمه متميزه وسريعه والجو العام مشجع على الاكل,"[""food"", ""service"", ""ambiance""]","[""food"", ""service"", ""ambiance""]",[],[],"{""food"": ""neutral"", ""service"": ""positive"", ""ambiance"": ""positive""}","{""food"": ""neutral"", ""service"": ""neutral"", ""ambiance"": ""neutral""}","{""ambiance"": {""true"": ""positive"", ""predicted"": ""neutral""}, ""service"": {""true"": ""positive"", ""predicted"": ""neutral""}}",0.532168
8944,تشتغل بدون نت❤️❤️🤗,"[""app_experience""]","[""general""]","[""app_experience""]","[""general""]","{""app_experience"": ""positive""}","{""general"": ""negative""}",{},0.05
2659,"اسلوب المطعم في التعامل سيئ لا انصح به بطئ في الخدمة لا اسلوب لا احترام التعامل حسب المظهر   The restaurant's service is poor; I don't recommend it. The service is slow, there's no professionalism or respect, and they treat people based on appearances.","[""service""]","[""service"", ""food""]",[],"[""food""]","{""service"": ""negative""}","{""service"": ""negative"", ""food"": ""negative""}",{},0.147104
2263,شكرا واصل للانسة سالمين استقبال ولا اروع الاكل لذيذ جدا والخدمة ايضا خدومين ومتعاونين افضل مكان للاحتفال بالفلنتاين,"[""service"", ""food"", ""ambiance""]","[""service"", ""food""]","[""ambiance""]",[],"{""service"": ""positive"", ""food"": ""positive"", ""ambiance"": ""positive""}","{""service"": ""positive"", ""food"": ""positive""}",{},0.630304
5505,سئ جدا جدا,"[""general""]","[""none""]","[""general""]","[""none""]","{""general"": ""negative""}","{""none"": ""neutral""}",{},0.05
1937,أكل سوري ممتاز جدًا، الشاورما والفراخ المشوية ليها طعم بيتعمل بحرفية، والحاجة الأجمل إن الأكل بيتقدم بسرعة ومن غير تأخير. الأسعار مناسبة جدًا مقارنة بالكمية وجودة الأكل. المكان نضيف والعاملين بيتعاملوا بذوق عالي. العيب البسيط الوحيد إن المكان صغير أوي وممكن يبقى زحمة في أوقات الذروة. أتمنى يعملوا فرع أكبر أو يحسنوا مساحة الاستقبال عشان يستوعب الزباين.,"[""food"", ""price"", ""cleanliness"", ""service"", ""ambiance""]","[""ambiance"", ""food"", ""service"", ""price""]","[""cleanliness""]",[],"{""food"": ""positive"", ""price"": ""positive"", ""cleanliness"": ""positive"", ""service"": ""positive"", ""ambiance"": ""negative""}","{""ambiance"": ""positive"", ""food"": ""positive"", ""service"": ""positive"", ""price"": ""positive""}","{""ambiance"": {""true"": ""negative"", ""predicted"": ""positive""}}",0.474505
7304,أنه جميل جدا لكن نريد ان يكون هناك عروض أكثر والتابلت يكون سعره ارخص لكن هو جميل جدا جدا جدا جدا,"[""price"", ""app_experience""]","[""price""]","[""app_experience""]",[],"{""price"": ""negative"", ""app_experience"": ""positive""}","{""price"": ""positive""}","{""price"": {""true"": ""negative"", ""predicted"": ""positive""}}",0.201033
3422,"كله بيرفيكت، أكل، سيرفيس، كل حاجة بيرفيكت
هو بس لو يهدوا الاغاني الهندي أو يقللوها هيبقي التوب","[""food"", ""service"", ""ambiance""]","[""food""]","[""ambiance"", ""service""]",[],"{""food"": ""positive"", ""service"": ""positive"", ""ambiance"": ""negative""}","{""food"": ""negative""}","{""food"": {""true"": ""positive"", ""predicted"": ""negative""}}",0.598289
614,"مكان ممتاز
الأكل جميل Open buffet كان جميل جدا
والاصطف جميل خصوصا كابتن عماد","[""food"", ""service""]","[""food"", ""ambiance"", ""service""]",[],"[""ambiance""]","{""food"": ""positive"", ""service"": ""positive""}","{""food"": ""positive"", ""ambiance"": ""positive"", ""service"": ""positive""}",{},0.796514
3103,سريانا اتباع لإدارة من الشباب المصريين، والجودة والخدمة أصبحا سيئين جدا. أحزنني.,"[""food"", ""service""]","[""service""]","[""food""]",[],"{""food"": ""negative"", ""service"": ""negative""}","{""service"": ""negative""}",{},0.921535
2784,المكان حلو بس الطعام لايرتقي للذوق والطعم المميز   الاسعار جدا جدا مرتفعة تخيل سمكة سنقاري وربيان نص كيلو وشربة ومشروب الخساب اكثر من 6000 جنيه بينما مثله وفي مكان راقي مثل دكان سمك اكله ممتاز وسعره جدا معقووول.  لن اعود مره اخرى,"[""ambiance"", ""food"", ""price""]","[""food"", ""price"", ""ambiance""]",[],[],"{""ambiance"": ""positive"", ""food"": ""negative"", ""price"": ""negative""}","{""food"": ""positive"", ""price"": ""positive"", ""ambiance"": ""negative""}","{""ambiance"": {""true"": ""positive"", ""predicted"": ""negative""}, ""food"": {""true"": ""negative"", ""predicted"": ""positive""}, ""price"": {""true"": ""negative"", ""predicted"": ""positive""}}",0.294048
8440,التحديث وقف البرنامج تماماً عندي تعديل : اتصلحت المشكلة الحمدلله,"[""app_experience""]","[""app_experience""]",[],[],"{""app_experience"": ""positive""}","{""app_experience"": ""negative""}","{""app_experience"": {""true"": ""positive"", ""predicted"": ""negative""}}",0.824066
5616,اسوأ خدمة عملاء واسوء صيدلية شوفتها تقريبا طالب اوردر من الساعة ٨ بليل يكلمني الساعة ٢ بليل يقولي المنطقة محظورة بعد ١٢ بليل .  للاسف دي اسوء كول سنتر وصيدلية شوفتها في حياتي,"[""service"", ""delivery""]","[""service""]","[""delivery""]",[],"{""service"": ""negative"", ""delivery"": ""negative""}","{""service"": ""negative""}",{},0.948061
4287,"حسبي الله على الي معلقين تعليق كذب انه المطعم حلو وكذا
والله اسواء بيتزا على وجه الأرض ماتناكل الله يديم النعمة والله طلبنا ٤ بيتزا دفعنا حسابها وخلينا البيتزا على ماهيا في المطعم ومشينا

نصيحه لوجه الله لحد يجي المطعم انتبهوا

وكان في الأكل شعر والعجينة مره سئة وكل شي كان سيء","[""food""]","[""food"", ""service""]",[],"[""service""]","{""food"": ""negative""}","{""food"": ""negative"", ""service"": ""negative""}",{},0.353989
6318,الابلكيشن كويس يس بقترح عليكم تضيفو خانه في البرنامج لاضافة رقم اخر ومتعتمدوش علي رقم واحد فقط,"[""app_experience""]","[""app_experience""]",[],[],"{""app_experience"": ""neutral""}","{""app_experience"": ""negative""}","{""app_experience"": {""true"": ""neutral"", ""predicted"": ""negative""}}",0.557787
2609,سريع و مناسب جدا في سوق الاثنين,"[""service"", ""price""]","[""general""]","[""price"", ""service""]","[""general""]","{""service"": ""positive"", ""price"": ""positive""}","{""general"": ""positive""}",{},0.221646
5958,أسوء مايكاب ممكن يتحط مبتهتمش بكلامك أصلا و لا ألوانك المفضلة و النتيجة سيئة و بتسيبك و تمشى بعد ما تخلص حتى متسألش لو المايكاب عجبك أو لأ,"[""service""]","[""service"", ""food""]",[],"[""food""]","{""service"": ""negative""}","{""service"": ""negative"", ""food"": ""negative""}",{},0.401562
7428,برنامج سيئ جدا اشتريت شريط ليد مكتوب عليه في البرنامج ٥ متر جالي حوالي ٤ متر بس واتقطع وهو بيتلزق وجبت ميزان مطبخ مكتوب عليه انو بيشيل لحد ١٠كيلو مش بيوزن غير ٤ كيلو اخرو وكمان غالي عشان المفروض انو بيشيل ١٠ كيلو وكمان اصلا التطبيق مقاطعه رأي اشترو من تيمو او اي تطبيق تاني غير مقاطعه وجبت شريط نور رمضان ١٠متر في الصوره بينور جامد اوي اول م جه اضائه ضعيفه جدا وقصير واشتريت اباجوره مكتب ب ٢٥٠جنيه اضائه غير الصوره تماما وفيها حاجات مش متركبه كويس ومتغلفه وحش م انصحش حد بتجربه خالص وشكرا,"[""app_experience"", ""price"", ""delivery"", ""service""]","[""price"", ""app_experience"", ""ambiance""]","[""delivery"", ""service""]","[""ambiance""]","{""app_experience"": ""negative"", ""price"": ""negative"", ""delivery"": ""negative"", ""service"": ""negative""}","{""price"": ""negative"", ""app_experience"": ""negative"", ""ambiance"": ""negative""}",{},0.102675
419,محلات لجميع انواع الاقمشه والملابس,"[""general""]","[""none""]","[""general""]","[""none""]","{""general"": ""positive""}","{""none"": ""neutral""}",{},0.125784
2316,طلبت وجبة دليفري وجاتلي من غير رز ولا بطاطس ولا عيش رجعت كلمتهم قالي هنبعتلك مع الدليفري محدش جه ولا حد كلمني,"[""delivery"", ""service""]","[""food"", ""service"", ""delivery""]",[],"[""food""]","{""delivery"": ""negative"", ""service"": ""negative""}","{""food"": ""negative"", ""service"": ""negative"", ""delivery"": ""negative""}",{},0.305586
1628,للاسف كجودة و دقة الأوزان و خصوصا في الطلبات الكيلو و تعامل الكاشير مع العميل بالاضافة للنواحي الصحية و خدمة الكول سنتر سيئة للغاية,"[""food"", ""service"", ""cleanliness""]","[""service"", ""delivery""]","[""cleanliness"", ""food""]","[""delivery""]","{""food"": ""negative"", ""service"": ""negative"", ""cleanliness"": ""negative""}","{""service"": ""negative"", ""delivery"": ""negative""}",{},0.119556
6959,انا كنت عامل مع اوبر ولكن العمل بها لا يوجازي ي,"[""general""]","[""service""]","[""general""]","[""service""]","{""general"": ""negative""}","{""service"": ""negative""}",{},0.619559
5440,مكان حلو ومرتب واكلت فاهيتا لذيده بس اتوقعت يكون رايق واسمه يوحي بذالك ولاكن عكس التوقعات للاسف ، صوت السماعات عالي جدااااا جداااا لدرجه لاتستطيع التحدث مع الي جنبك ابدااا وحتى الجرسون مايسمعك والدخان كثيف جدا لا يوجد تهوية ترجع لازم تاخد دش .,"[""ambiance"", ""food"", ""cleanliness""]","[""ambiance"", ""food""]","[""cleanliness""]",[],"{""ambiance"": ""neutral"", ""food"": ""positive"", ""cleanliness"": ""positive""}","{""ambiance"": ""positive"", ""food"": ""positive""}","{""ambiance"": {""true"": ""neutral"", ""predicted"": ""positive""}}",0.385417
3940,"جربت مطعم انديامو في الويكند
الاكل جميل جدا و مش بس حاجة واحده هو كل الاكل الي عندو جميل جدا
الاستف متعاون
بصراحه المكان كلو تجربه ١٠/١٠","[""food"", ""service""]","[""food"", ""service"", ""ambiance"", ""general""]",[],"[""ambiance"", ""general""]","{""food"": ""positive"", ""service"": ""positive""}","{""food"": ""positive"", ""service"": ""positive"", ""ambiance"": ""positive"", ""general"": ""positive""}",{},0.05
8395,جميل جداً لكن الناس الي بتنزل اعلان عقار مش كلهم صادقين,"[""app_experience"", ""service""]","[""general""]","[""app_experience"", ""service""]","[""general""]","{""app_experience"": ""positive"", ""service"": ""negative""}","{""general"": ""positive""}",{},0.05
2076,مستشفي محترمه جدا وخدمه ممتازه وقسم الاغذيه والمشروبات محترمين جدا والتمريض والدكاتره,"[""service"", ""food""]","[""service""]","[""food""]",[],"{""service"": ""positive"", ""food"": ""positive""}","{""service"": ""positive""}",{},0.979389
1345,المكان جميل بشكل عام ولكنه في وسط الحي والشارع مزدحم وأظنه منزل تم تحويله إلى مطعم .. في الجلسات الداخلية لا يوجد تغطية لشبكة الجوال,"[""ambiance""]","[""ambiance""]",[],[],"{""ambiance"": ""neutral""}","{""ambiance"": ""negative""}","{""ambiance"": {""true"": ""neutral"", ""predicted"": ""negative""}}",0.425449
5684,"مستشفي غريبه في الحسابات
اتفقت علي اسعار ولاده قيصريه المدام وحاسبت علي اسعار تانيه بفارق ٢٦٠٠ جنيه عن السعر المتفق عليه
وكتب في الفاتوره التفاصيل ١٦٠٠ ادويه اضافيه بدون زكر الادويه و١٠٠٠ الاخيره كتبوها بتفاصيلها طبعا باين حال المستشفي وصل لفين ولما طلبت مدير المستشفي أكلمه قالولي مش فاضي ... حتي لما عرفتهم أن هاكتب ريفيوا علي النت ولا فرق معاهم ..
منصحش حد يروح هناك","[""price"", ""service""]","[""price"", ""service"", ""delivery""]",[],"[""delivery""]","{""price"": ""negative"", ""service"": ""negative""}","{""price"": ""negative"", ""service"": ""negative"", ""delivery"": ""negative""}",{},0.270066
6320,من اسوء البرامج التوصيل بجد الدليفرى يقبل الاوردر و يروح يودي اوردرات تانيه كتير وممكن ينشي او يروح يخلص مشواره و الاكل في المطاعم بيبقي جاهز و بسببهم يجي بارد و بايظ و متبهدل منصحش حد بيه نهائيا,"[""delivery"", ""food"", ""app_experience""]","[""delivery"", ""service"", ""food""]","[""app_experience""]","[""service""]","{""delivery"": ""negative"", ""food"": ""negative"", ""app_experience"": ""negative""}","{""delivery"": ""negative"", ""service"": ""negative"", ""food"": ""negative""}",{},0.370841
9952,من أفضل التطبيقات مصداقية وخصومات,"[""app_experience"", ""price""]","[""app_experience""]","[""price""]",[],"{""app_experience"": ""positive"", ""price"": ""positive""}","{""app_experience"": ""positive""}",{},0.672311
5850,نادى رياضى وصالة ألعاب ممتازه يوجد بها مدربين محترفين,"[""service""]","[""ambiance""]","[""service""]","[""ambiance""]","{""service"": ""positive""}","{""ambiance"": ""positive""}",{},0.594564
4379,يتمع بالنظافة والمذاق المتميز وحسن التعامل مع العملاء,"[""cleanliness"", ""food"", ""service""]","[""food""]","[""cleanliness"", ""service""]",[],"{""cleanliness"": ""positive"", ""food"": ""positive"", ""service"": ""positive""}","{""food"": ""positive""}",{},0.66051
6193,من افضل الصيدليات في التعامل وسرعه التوصيل شكرا جدا,"[""service"", ""delivery""]","[""service""]","[""delivery""]",[],"{""service"": ""positive"", ""delivery"": ""positive""}","{""service"": ""positive""}",{},0.785762
6607,لا انصح باستخدامه تكون مشترك فجأه والا عاملين حظر الك نصيحه لاتشترظوا تدفعوا مصاري على كريم بلص او تحطوا مصاري بالمحفظه فجأه بعملوا حظر الك وتروح عليك مصاريك,"[""app_experience"", ""service"", ""price""]","[""app_experience""]","[""price"", ""service""]",[],"{""app_experience"": ""negative"", ""service"": ""negative"", ""price"": ""negative""}","{""app_experience"": ""negative""}",{},0.836241
4437,ركبت رموش أسبوعيه قبل م تتم ال ٢٤ ساعه الرموش طاحت,"[""service""]","[""none""]","[""service""]","[""none""]","{""service"": ""negative""}","{""none"": ""neutral""}",{},0.05
6203,دكتور شاطر جدا ، احسن حاجة انه بيهتم جدا بالتعقيم و شغله ممتاز و ذوق فوق العادة,"[""cleanliness"", ""service""]","[""service""]","[""cleanliness""]",[],"{""cleanliness"": ""positive"", ""service"": ""positive""}","{""service"": ""positive""}",{},0.797997
7943,برنامج نصب وإحتيال انتبهوا منه . لاتشترون أبدا منه . بيسحبون المبلغ والسلعة ماراح توصلك ولا راح يردون عليك,"[""app_experience"", ""delivery"", ""service""]","[""app_experience"", ""price""]","[""delivery"", ""service""]","[""price""]","{""app_experience"": ""negative"", ""delivery"": ""negative"", ""service"": ""negative""}","{""app_experience"": ""negative"", ""price"": ""negative""}",{},0.668367
1615,"طلب ساندوتش زنجر جبنه وجه معاه بطاطس
الكميه كويسه وحلوة بس الطعم مش احسن حاجة الفراخ شاربه زيت
والتوصيل غااااااااالي جدااااا لمصر الجديده ٧٠ جنيه!!!!","[""food"", ""delivery""]","[""food"", ""price""]","[""delivery""]","[""price""]","{""food"": ""negative"", ""delivery"": ""negative""}","{""food"": ""negative"", ""price"": ""negative""}",{},0.553582
6403,ابليكشن التوصيل فى متأخر جدا ممكن يوصل لاكتر من ساعة ونص فى التوصيل والمطعم جنبك اصلا كمان العروض فى معدومة ومتقدرش تعرف مكان الاوردر فين وهو واحد بس تقريبا اللى بيبقى ماسك منطقة محددة فبيطاع بخمسين اوردر باعد يلف بيهم وانت حظك بقى طبعا يكون الاكل برد,"[""delivery"", ""app_experience"", ""price"", ""food""]","[""delivery"", ""price"", ""food""]","[""app_experience""]",[],"{""delivery"": ""negative"", ""app_experience"": ""negative"", ""price"": ""negative"", ""food"": ""negative""}","{""delivery"": ""negative"", ""price"": ""negative"", ""food"": ""neutral""}","{""food"": {""true"": ""negative"", ""predicted"": ""neutral""}}",0.190593
1391,"الكبدة كانت محروقة ، المشويات عادية ، الفتة عادية ، المقبلات كويسة ، المشروبات عادية
الخدمة كويسة لكن الاكل كان محبط
المكان يتراح وقت المغرب او بالليل افضل","[""food"", ""service"", ""ambiance""]","[""food"", ""ambiance"", ""service""]",[],[],"{""food"": ""negative"", ""service"": ""positive"", ""ambiance"": ""positive""}","{""food"": ""positive"", ""ambiance"": ""positive"", ""service"": ""positive""}","{""food"": {""true"": ""negative"", ""predicted"": ""positive""}}",0.420802
2451,مميز جدا في عدم الازدحام مقارنة بأماكن اخري اخدت اقل من ٣ دقايق في الإجراءات,"[""ambiance"", ""service""]","[""none""]","[""ambiance"", ""service""]","[""none""]","{""ambiance"": ""positive"", ""service"": ""positive""}","{""none"": ""neutral""}",{},0.05
3411,مكان جميل و السوشى نضيف و ال service top الاستاذ مصطفى على من ادارة المكان معاملته فوق الرائعة من احسن الاماكن بسبب ال service الراقى highly recommend 👌,"[""ambiance"", ""food"", ""service""]","[""ambiance"", ""service"", ""cleanliness""]","[""food""]","[""cleanliness""]","{""ambiance"": ""positive"", ""food"": ""positive"", ""service"": ""positive""}","{""ambiance"": ""positive"", ""service"": ""positive"", ""cleanliness"": ""positive""}",{},0.519379
4251,مطعم فول وطعمية جيد موجود فى اول شارع النزهة بميدان الجيش القاهرة,"[""general""]","[""food""]","[""general""]","[""food""]","{""general"": ""positive""}","{""food"": ""positive""}",{},0.477725
1037,ما شاء الله ناس كويسة والمكان فيه الحاجة نضيفة والناس اللي فيه عندهم قبول جميل شكرا لضيافتكم,"[""service"", ""cleanliness"", ""ambiance""]","[""ambiance"", ""service""]","[""cleanliness""]",[],"{""service"": ""positive"", ""cleanliness"": ""positive"", ""ambiance"": ""positive""}","{""ambiance"": ""positive"", ""service"": ""positive""}",{},0.618212
6655,للاسف الان يستغرق وقت طويل لاتمام الطلب و لمن الكابتن يقبل الطلب ياخد وقت اطول لانهاء رحلة قريبة !!!!!!,"[""delivery"", ""service""]","[""service"", ""app_experience"", ""delivery""]",[],"[""app_experience""]","{""delivery"": ""negative"", ""service"": ""negative""}","{""service"": ""negative"", ""app_experience"": ""negative"", ""delivery"": ""negative""}",{},0.397935
5443,"اجواء لطيفه ومكان بسيط وجميل
افضل الحجز مسبقاً
وتتأكد انه يكون فيه مطرب لأن مع المطرب عالم ثاني
ملاحظة ( الشيشه للامانه مو كويسه ابداً )","[""ambiance"", ""food""]","[""ambiance""]","[""food""]",[],"{""ambiance"": ""positive"", ""food"": ""negative""}","{""ambiance"": ""positive""}",{},0.886352
4345,اليوم جيت من السعودية و كنت قريبة وابغا اعمل شعري بسرعة و جيت لمستر جوزيف و عملي شعري احلى من الي كنت متوقعتو و تعاملهم جدا حلو و عملولي اطعم قهوة 🤣🤍,"[""service"", ""ambiance""]","[""service"", ""food"", ""ambiance""]",[],"[""food""]","{""service"": ""positive"", ""ambiance"": ""positive""}","{""service"": ""positive"", ""food"": ""positive"", ""ambiance"": ""positive""}",{},0.06499
453,لا توجد اي ملامح للمندي اليمني يطغى عليها الطابع المصري مثل الصراخ الصغيره والحمام الذي يقل عن 100 غرام ليس دجاج عادي مثل باقي الدول وطعام ليس به بركه,"[""food"", ""ambiance"", ""price""]","[""food"", ""cleanliness""]","[""ambiance"", ""price""]","[""cleanliness""]","{""food"": ""negative"", ""ambiance"": ""negative"", ""price"": ""negative""}","{""food"": ""neutral"", ""cleanliness"": ""neutral""}","{""food"": {""true"": ""negative"", ""predicted"": ""neutral""}}",0.237434
7393,نصابين يبيعو حاجات بايظة ولما بكلمهم خدمة العملاء مش بتعمل حاجة يا جماعه تحذير ⚠️⚠️⚠️ جوميا نصابين,"[""service""]","[""service"", ""app_experience""]",[],"[""app_experience""]","{""service"": ""negative""}","{""service"": ""negative"", ""app_experience"": ""negative""}",{},0.55317
4760,"بالنسبة لي هاذه اخر مره اجي للمطعم هاذا نهائيا. طلبت بيتزا بالدجاج كان طعهما لابئس فيه نوعاً ماء جيد مع انوه سعرها اغلى بكثير من اغلب المطاعم ويقدمو نفس البيتزا بتاعهم او افضل نقطة اولى سعر البيتزا مبالغ فية بس هاذه مش مشكلتي السبب الرئيسي الذي يخليني مش راجع للمطعم هاذا نهائيا هوه عندما نزلت احاسب جاب لي على الفاتورة سعر الصودا 7up الذي طلبتها 37 جنية !!!!!!!!!!!!! 🤔 حق ايش 37 حق الحبتين الثلج ذي حطيتهن مع الصودا بالزجاجة؟ ومش هاذا فقط + الخدمه + ال Tax الضرائيب يعني الفاتورة طلعت بالاخير 308 جنيييييية مع العلم ان سعر البيتزا لوحدها 204 جنية فقط لاغير يعني
انا قد كنت قولت ياااخي خذ لك 20 جنية حق الببسي مع العلم ان سعرها بالدكان 9 جنية فقط بس قلت عادي لان اغلب المطاعم يحسبو سعر الببسي من 15 جنية بس انا يله مافيش مشكلة ياااخي خذ لك 20 حلالك بس تأخذ 37 جنية حق السفن اب هاذا استغلال واستغفال للزبون
ووالله العليم انا عملت التعليق هاذا من علشان الفلوس بس علشان المعامله فقط واتمنى المطعم يشوف تعليقي واقول لكم كملو هاكذا وقريباً باتخسرو  زباينكم لانكم مفكرين ان الناس اغبياء وجالسين تستغفلوهم","[""food"", ""price"", ""service""]","[""price"", ""food"", ""service"", ""delivery""]",[],"[""delivery""]","{""food"": ""neutral"", ""price"": ""negative"", ""service"": ""negative""}","{""price"": ""neutral"", ""food"": ""neutral"", ""service"": ""neutral"", ""delivery"": ""neutral""}","{""price"": {""true"": ""negative"", ""predicted"": ""neutral""}, ""service"": {""true"": ""negative"", ""predicted"": ""neutral""}}",0.05
564,بنكلم الناس الكول سنتر محدش بي يرد واتس برضو محدش بي يرد بي يردو بعد صعوبه,"[""service""]","[""service"", ""app_experience""]",[],"[""app_experience""]","{""service"": ""negative""}","{""service"": ""negative"", ""app_experience"": ""negative""}",{},0.552572
4164,"حجزت بكج ب ٢٠٠٠ جنيه يشمل حمام مغربي ومساج وزيت بخار وحمام تركي وبدي كير ومنيكير
لكن للأسف كل شي كان سيء والمكان غير مجهز لهالخدمات وكانت اول مفاجئة لما وصلنا المكان طلع نادي رياضي والنظافه مش ولابد وكل الخدمات سيئة
تجربة لن تتكرر نهائيا ولو فيه اقل من نجمه كان حطيت","[""price"", ""service"", ""cleanliness"", ""ambiance""]","[""service"", ""ambiance"", ""cleanliness""]","[""price""]",[],"{""price"": ""negative"", ""service"": ""negative"", ""cleanliness"": ""negative"", ""ambiance"": ""negative""}","{""service"": ""negative"", ""ambiance"": ""negative"", ""cleanliness"": ""negative""}",{},0.45627
1346,المطعم رائع والخدمة  ممتازة وخصوصا خالد ومحمد وسيد تبع الشيشة,"[""service"", ""ambiance""]","[""service"", ""food"", ""ambiance""]",[],"[""food""]","{""service"": ""positive"", ""ambiance"": ""positive""}","{""service"": ""positive"", ""food"": ""positive"", ""ambiance"": ""positive""}",{},0.338743
6014,"اول مرة كان فطار رمضان 2025 ... و بعدها روحت شارع المعز ...اذا كان لك ف التجربة الشعبية التاريخية ...على بعضها اكثر من رائعة ...
مش عايز تعيش التجربة دى يبقى بلاش
بالنسبة للمطعم...قيمة مقابل سعر .. تجربة جيدة","[""price"", ""ambiance""]","[""price""]","[""ambiance""]",[],"{""price"": ""positive"", ""ambiance"": ""positive""}","{""price"": ""positive""}",{},0.585579
1860,"طلبت فطور
بيض مع كيري + طعميه كيري + فول حار + حلومي
الاكل كان جداً لذيذ
الحلومي كان مشوي بس بارد طبخ بس لذيذ
الباقي ١٠/١٠
الخبز لذيذ وحار
تجربة ممتازه وانصح فيه
التكلفه متوسطه","[""food"", ""price""]","[""food"", ""price"", ""delivery""]",[],"[""delivery""]","{""food"": ""positive"", ""price"": ""neutral""}","{""food"": ""positive"", ""price"": ""positive"", ""delivery"": ""positive""}","{""price"": {""true"": ""neutral"", ""predicted"": ""positive""}}",0.05
2829,جيت المكان اليوم ومغلق للتحسين الانظمه حسب ما مكتوب على المحل,"[""general""]","[""ambiance""]","[""general""]","[""ambiance""]","{""general"": ""neutral""}","{""ambiance"": ""negative""}",{},0.170703
2030,نص فرخه الكتكوت اكبر منها اما نفر اللحم انت وبختك ممكن تكون قطعتين لحم او عظم بصراحه تجربه سيئه,"[""food""]","[""food"", ""general""]",[],"[""general""]","{""food"": ""negative""}","{""food"": ""negative"", ""general"": ""negative""}",{},0.05
5176,عياده محترمه اوي والرسبشن بنات لذاذ اوي وتعاملهم محترم جداً و والدكاتره شاطرين جدا ودكتور هاني ممتاز اوي ❤️,"[""ambiance"", ""service""]","[""service""]","[""ambiance""]",[],"{""ambiance"": ""positive"", ""service"": ""positive""}","{""service"": ""positive""}",{},0.831203
8001,لقد حملت هذا التطبيق من خلال مستر بيست مستر بيست اريد هاتف اريد هاتف يا مستر بيست اي هاتف سامسونج,"[""none""]","[""app_experience""]","[""none""]","[""app_experience""]","{""none"": ""neutral""}","{""app_experience"": ""negative""}",{},0.366112
9955,ابلكيشن رئع و يوفر لك كثير من الخيارات بأسعار مخالفة,"[""app_experience"", ""price""]","[""app_experience""]","[""price""]",[],"{""app_experience"": ""positive"", ""price"": ""positive""}","{""app_experience"": ""positive""}",{},0.669307
1015,"سئ سئ سئ 😡😡😡😡
تجربة غير موفقة في رمضان مع مطعم الدهان للمشويات

للأسف المشويات كانت محروقة وباردة كأنها متحضرة من الصباح
وعند طلب الأكل قيل إن الوجبة تشمل شوربة ومشروب وحلويات ثم فوجئنا بإضافتها في الفاتورة
رفضنا واسترجعنا ما لم نستخدم
ثم مر أحدهم بصينية شاي دون توضيح أنه بمقابل وتمت إضافته أيضًا
المشكلة ليست في السعر بل في عدم الشفافية
الزبون يريد وضوحًا قبل الطلب وجودة تليق باسمه وثقته

نتمنى من إدارة المطعم مراجعة الخدمة خاصة في رمضان
فالسمعة الطيبة تبنى بالصدق قبل الطعام.

An Unfortunate Ramadan Experience

Sadly, our visit to El Dahhan Grill was disappointing.
The grilled items were burnt and served cold, as if prepared hours earlier.
When ordering, we were told the meal included soup, drinks, and desserts, but we were surprised to find them added to the bill.
We refused and returned what we did not use.
Later, someone offered tea without explaining it was extra, and it was also added to the bill.

The issue is not the price, but the lack of transparency.
Customers deserve clear communication and honest service, especially in Ramadan.
We hope the management reviews the service standards, because trust is built on sincerity before taste.","[""food"", ""service"", ""price""]","[""food"", ""service"", ""price"", ""ambiance"", ""general"", ""app_experience"", ""delivery""]",[],"[""ambiance"", ""app_experience"", ""delivery"", ""general""]","{""food"": ""negative"", ""service"": ""negative"", ""price"": ""negative""}","{""food"": ""negative"", ""service"": ""negative"", ""price"": ""negative"", ""ambiance"": ""negative"", ""general"": ""negative"", ""app_experience"": ""negative"", ""delivery"": ""negative""}",{},0.05
8873,انسحكو تجربة برنامج جمد جدا جدا,"[""app_experience""]","[""app_experience""]",[],[],"{""app_experience"": ""positive""}","{""app_experience"": ""negative""}","{""app_experience"": {""true"": ""positive"", ""predicted"": ""negative""}}",0.774696
4887,"مستشفي فاشلة و إدارة فاشلة لطعونا بدون غرفة ساعات
بدون أي توضيح و المفروض بنتي تخش عمليات
و بنتي عايزة حمام بيقولولها تخش حمام مشترك رجال و سيدات في ريسيبشن المستشفي","[""service"", ""cleanliness"", ""ambiance""]","[""service""]","[""ambiance"", ""cleanliness""]",[],"{""service"": ""negative"", ""cleanliness"": ""negative"", ""ambiance"": ""negative""}","{""service"": ""negative""}",{},0.949933
9984,تجربة جيدة واسعار مناسبة وسهولة في الحجز واختيار الفندق,"[""price"", ""app_experience""]","[""price""]","[""app_experience""]",[],"{""price"": ""positive"", ""app_experience"": ""positive""}","{""price"": ""positive""}",{},0.675633
7702,شحن بطيئ جدا شهرين كاملين مع انه الشراء بمبلغ اكثر من 3000 ريال,"[""delivery"", ""price""]","[""price""]","[""delivery""]",[],"{""delivery"": ""negative"", ""price"": ""negative""}","{""price"": ""negative""}",{},0.772035
3181,"سيئ جدا الغرف متسخه و اثاث متهالك اخذت غرفة نصف اطلاله 75 دولار
و صرف الدولار عندهم غالي السعر مقابل نظافه الغرفه يعتبر غاااااااااااالي جدا اضطريت اخذها لاني وصلت متأخر 2:30 ليلا لا تستحق 30 دولار","[""cleanliness"", ""ambiance"", ""price""]","[""price"", ""service"", ""ambiance"", ""cleanliness"", ""delivery""]",[],"[""delivery"", ""service""]","{""cleanliness"": ""negative"", ""ambiance"": ""negative"", ""price"": ""negative""}","{""price"": ""negative"", ""service"": ""negative"", ""ambiance"": ""negative"", ""cleanliness"": ""negative"", ""delivery"": ""negative""}",{},0.05
4889,"المستشفى طبيا لا غبار عليها والنظافة ايضا ولكن منطقة الاستقبال غير كافية والغرف تحتاج لبعض المستلزمات البسيطة من ورق تواليت وموظفات بالحمامات.
ومن الأشياء التى أثرت على تقييمي انتظارنا للدكتور المناوب للاطمئنان على الجراحة وإجراء الغيار اللازم وإعطاء التعليمات النهائية قبل المغادرة لمدة تزيد على ٣ ساعات ولم يأتى ثم جاءت كبيرة التمريض وقامت بما كان سيقوم به الطبيب مما يعنى ضياع اكثر من ٣ ساعات انتظار بدون فائدة وايضا عدم الاحترام الكافي للمرضى وعائلاتهم.","[""service"", ""cleanliness"", ""ambiance""]","[""service"", ""cleanliness""]","[""ambiance""]",[],"{""service"": ""negative"", ""cleanliness"": ""positive"", ""ambiance"": ""negative""}","{""service"": ""negative"", ""cleanliness"": ""negative""}","{""cleanliness"": {""true"": ""positive"", ""predicted"": ""negative""}}",0.462503
5634,"المكان في غايه السوء وريحه مش كويسه
ومفيش ميا سخنه للاستحمام
والدنيا مش نضيفه بالمره وزحمه اوفر","[""ambiance"", ""cleanliness"", ""service""]","[""ambiance"", ""cleanliness""]","[""service""]",[],"{""ambiance"": ""negative"", ""cleanliness"": ""negative"", ""service"": ""negative""}","{""ambiance"": ""negative"", ""cleanliness"": ""negative""}",{},0.628646
9874,جميع الخدمات متوفرة ولايمكن وصفه,"[""service""]","[""service""]",[],[],"{""service"": ""negative""}","{""service"": ""positive""}","{""service"": {""true"": ""negative"", ""predicted"": ""positive""}}",0.634546
7462,رائع جدا وخصوصا في المعروض للبيع,"[""app_experience""]","[""general""]","[""app_experience""]","[""general""]","{""app_experience"": ""positive""}","{""general"": ""positive""}",{},0.664993
2112,المكان تحفه اوي و نضيف و الخدمه حلوه اوي و الاسعار حلو جدا,"[""ambiance"", ""cleanliness"", ""service"", ""price""]","[""service"", ""ambiance"", ""cleanliness"", ""price"", ""food""]",[],"[""food""]","{""ambiance"": ""positive"", ""cleanliness"": ""positive"", ""service"": ""positive"", ""price"": ""positive""}","{""service"": ""positive"", ""ambiance"": ""positive"", ""cleanliness"": ""positive"", ""price"": ""positive"", ""food"": ""positive""}",{},0.23807
9977,بعد تجربة على أرض الواقع اكتشفت ان التطبيق ينتهي دوره بعد سحب المبلغ ولا يقوم بدعم العملاء أو مساعدتهم لذا تم الحذف ✨,"[""app_experience"", ""service""]","[""app_experience""]","[""service""]",[],"{""app_experience"": ""negative"", ""service"": ""negative""}","{""app_experience"": ""negative""}",{},0.94352
7684,سيء للغاية اشتريت منتجين ومش عارف ارجعهم بسبب الشخص اللي سلمني المنتجين وكلمتهم كل شويه يقوله24 ساعه ومفيش حاجه بتتحل نصابين,"[""service"", ""delivery""]","[""service""]","[""delivery""]",[],"{""service"": ""negative"", ""delivery"": ""negative""}","{""service"": ""negative""}",{},0.733963
6460,ولا في قسم مساعده واوردر بيتأخى دايما عن ميعاد بجد سي ء جدا,"[""service"", ""delivery""]","[""service""]","[""delivery""]",[],"{""service"": ""negative"", ""delivery"": ""negative""}","{""service"": ""negative""}",{},0.739411
6234,تطبيق معفن الاعلانات كلها غلط و نصب و يقعدو يعتذرون ساعه و بعدين يقولك ٢٠ج كوبون خصم تعويض😂😂😂,"[""app_experience"", ""service"", ""price""]","[""app_experience"", ""price"", ""service""]",[],[],"{""app_experience"": ""negative"", ""service"": ""negative"", ""price"": ""negative""}","{""app_experience"": ""positive"", ""price"": ""positive"", ""service"": ""positive""}","{""app_experience"": {""true"": ""negative"", ""predicted"": ""positive""}, ""price"": {""true"": ""negative"", ""predicted"": ""positive""}, ""service"": {""true"": ""negative"", ""predicted"": ""positive""}}",0.454156
9593,جيد جدا سهوله فى الحجز موفر للوقت,"[""app_experience""]","[""general""]","[""app_experience""]","[""general""]","{""app_experience"": ""positive""}","{""general"": ""positive""}",{},0.05
